path,label
../VAD_dataset/UCF-Crimes/UCF_Crimes/sbert_Caption_Features_janus/Abuse001_x264_captions_janus_pro.npy,Abuse
../VAD_dataset/UCF-Crimes/UCF_Crimes/sbert_Caption_Features_janus/Abuse002_x264_captions_janus_pro.npy,Abuse
../VAD_dataset/UCF-Crimes/UCF_Crimes/sbert_Caption_Features_janus/Abuse003_x264_captions_janus_pro.npy,Abuse
../VAD_dataset/UCF-Crimes/UCF_Crimes/sbert_Caption_Features_janus/Abuse004_x264_captions_janus_pro.npy,Abuse
../VAD_dataset/UCF-Crimes/UCF_Crimes/sbert_Caption_Features_janus/Abuse005_x264_captions_janus_pro.npy,Abuse
../VAD_dataset/UCF-Crimes/UCF_Crimes/sbert_Caption_Features_janus/Abuse006_x264_captions_janus_pro.npy,Abuse
../VAD_dataset/UCF-Crimes/UCF_Crimes/sbert_Caption_Features_janus/Abuse007_x264_captions_janus_pro.npy,Abuse
../VAD_dataset/UCF-Crimes/UCF_Crimes/sbert_Caption_Features_janus/Abuse008_x264_captions_janus_pro.npy,Abuse
../VAD_dataset/UCF-Crimes/UCF_Crimes/sbert_Caption_Features_janus/Abuse009_x264_captions_janus_pro.npy,Abuse
../VAD_dataset/UCF-Crimes/UCF_Crimes/sbert_Caption_Features_janus/Abuse010_x264_captions_janus_pro.npy,Abuse
../VAD_dataset/UCF-Crimes/UCF_Crimes/sbert_Caption_Features_janus/Abuse011_x264_captions_janus_pro.npy,Abuse
../VAD_dataset/UCF-Crimes/UCF_Crimes/sbert_Caption_Features_janus/Abuse012_x264_captions_janus_pro.npy,Abuse
../VAD_dataset/UCF-Crimes/UCF_Crimes/sbert_Caption_Features_janus/Abuse013_x264_captions_janus_pro.npy,Abuse
../VAD_dataset/UCF-Crimes/UCF_Crimes/sbert_Caption_Features_janus/Abuse014_x264_captions_janus_pro.npy,Abuse
../VAD_dataset/UCF-Crimes/UCF_Crimes/sbert_Caption_Features_janus/Abuse015_x264_captions_janus_pro.npy,Abuse
../VAD_dataset/UCF-Crimes/UCF_Crimes/sbert_Caption_Features_janus/Abuse016_x264_captions_janus_pro.npy,Abuse
../VAD_dataset/UCF-Crimes/UCF_Crimes/sbert_Caption_Features_janus/Abuse017_x264_captions_janus_pro.npy,Abuse
../VAD_dataset/UCF-Crimes/UCF_Crimes/sbert_Caption_Features_janus/Abuse018_x264_captions_janus_pro.npy,Abuse
../VAD_dataset/UCF-Crimes/UCF_Crimes/sbert_Caption_Features_janus/Abuse019_x264_captions_janus_pro.npy,Abuse
../VAD_dataset/UCF-Crimes/UCF_Crimes/sbert_Caption_Features_janus/Abuse020_x264_captions_janus_pro.npy,Abuse
../VAD_dataset/UCF-Crimes/UCF_Crimes/sbert_Caption_Features_janus/Abuse021_x264_captions_janus_pro.npy,Abuse
../VAD_dataset/UCF-Crimes/UCF_Crimes/sbert_Caption_Features_janus/Abuse022_x264_captions_janus_pro.npy,Abuse
../VAD_dataset/UCF-Crimes/UCF_Crimes/sbert_Caption_Features_janus/Abuse023_x264_captions_janus_pro.npy,Abuse
../VAD_dataset/UCF-Crimes/UCF_Crimes/sbert_Caption_Features_janus/Abuse024_x264_captions_janus_pro.npy,Abuse
../VAD_dataset/UCF-Crimes/UCF_Crimes/sbert_Caption_Features_janus/Abuse025_x264_captions_janus_pro.npy,Abuse
../VAD_dataset/UCF-Crimes/UCF_Crimes/sbert_Caption_Features_janus/Abuse026_x264_captions_janus_pro.npy,Abuse
../VAD_dataset/UCF-Crimes/UCF_Crimes/sbert_Caption_Features_janus/Abuse027_x264_captions_janus_pro.npy,Abuse
../VAD_dataset/UCF-Crimes/UCF_Crimes/sbert_Caption_Features_janus/Abuse029_x264_captions_janus_pro.npy,Abuse
../VAD_dataset/UCF-Crimes/UCF_Crimes/sbert_Caption_Features_janus/Abuse031_x264_captions_janus_pro.npy,Abuse
../VAD_dataset/UCF-Crimes/UCF_Crimes/sbert_Caption_Features_janus/Abuse032_x264_captions_janus_pro.npy,Abuse
../VAD_dataset/UCF-Crimes/UCF_Crimes/sbert_Caption_Features_janus/Abuse033_x264_captions_janus_pro.npy,Abuse
../VAD_dataset/UCF-Crimes/UCF_Crimes/sbert_Caption_Features_janus/Abuse034_x264_captions_janus_pro.npy,Abuse
../VAD_dataset/UCF-Crimes/UCF_Crimes/sbert_Caption_Features_janus/Abuse035_x264_captions_janus_pro.npy,Abuse
../VAD_dataset/UCF-Crimes/UCF_Crimes/sbert_Caption_Features_janus/Abuse036_x264_captions_janus_pro.npy,Abuse
../VAD_dataset/UCF-Crimes/UCF_Crimes/sbert_Caption_Features_janus/Abuse037_x264_captions_janus_pro.npy,Abuse
../VAD_dataset/UCF-Crimes/UCF_Crimes/sbert_Caption_Features_janus/Abuse038_x264_captions_janus_pro.npy,Abuse
../VAD_dataset/UCF-Crimes/UCF_Crimes/sbert_Caption_Features_janus/Abuse039_x264_captions_janus_pro.npy,Abuse
../VAD_dataset/UCF-Crimes/UCF_Crimes/sbert_Caption_Features_janus/Abuse040_x264_captions_janus_pro.npy,Abuse
../VAD_dataset/UCF-Crimes/UCF_Crimes/sbert_Caption_Features_janus/Abuse041_x264_captions_janus_pro.npy,Abuse
../VAD_dataset/UCF-Crimes/UCF_Crimes/sbert_Caption_Features_janus/Abuse042_x264_captions_janus_pro.npy,Abuse
../VAD_dataset/UCF-Crimes/UCF_Crimes/sbert_Caption_Features_janus/Abuse043_x264_captions_janus_pro.npy,Abuse
../VAD_dataset/UCF-Crimes/UCF_Crimes/sbert_Caption_Features_janus/Abuse044_x264_captions_janus_pro.npy,Abuse
../VAD_dataset/UCF-Crimes/UCF_Crimes/sbert_Caption_Features_janus/Abuse045_x264_captions_janus_pro.npy,Abuse
../VAD_dataset/UCF-Crimes/UCF_Crimes/sbert_Caption_Features_janus/Abuse046_x264_captions_janus_pro.npy,Abuse
../VAD_dataset/UCF-Crimes/UCF_Crimes/sbert_Caption_Features_janus/Abuse047_x264_captions_janus_pro.npy,Abuse
../VAD_dataset/UCF-Crimes/UCF_Crimes/sbert_Caption_Features_janus/Abuse048_x264_captions_janus_pro.npy,Abuse
../VAD_dataset/UCF-Crimes/UCF_Crimes/sbert_Caption_Features_janus/Abuse049_x264_captions_janus_pro.npy,Abuse
../VAD_dataset/UCF-Crimes/UCF_Crimes/sbert_Caption_Features_janus/Abuse050_x264_captions_janus_pro.npy,Abuse
../VAD_dataset/UCF-Crimes/UCF_Crimes/sbert_Caption_Features_janus/Arrest002_x264_captions_janus_pro.npy,Arrest
../VAD_dataset/UCF-Crimes/UCF_Crimes/sbert_Caption_Features_janus/Arrest003_x264_captions_janus_pro.npy,Arrest
../VAD_dataset/UCF-Crimes/UCF_Crimes/sbert_Caption_Features_janus/Arrest004_x264_captions_janus_pro.npy,Arrest
../VAD_dataset/UCF-Crimes/UCF_Crimes/sbert_Caption_Features_janus/Arrest005_x264_captions_janus_pro.npy,Arrest
../VAD_dataset/UCF-Crimes/UCF_Crimes/sbert_Caption_Features_janus/Arrest006_x264_captions_janus_pro.npy,Arrest
../VAD_dataset/UCF-Crimes/UCF_Crimes/sbert_Caption_Features_janus/Arrest008_x264_captions_janus_pro.npy,Arrest
../VAD_dataset/UCF-Crimes/UCF_Crimes/sbert_Caption_Features_janus/Arrest009_x264_captions_janus_pro.npy,Arrest
../VAD_dataset/UCF-Crimes/UCF_Crimes/sbert_Caption_Features_janus/Arrest010_x264_captions_janus_pro.npy,Arrest
../VAD_dataset/UCF-Crimes/UCF_Crimes/sbert_Caption_Features_janus/Arrest011_x264_captions_janus_pro.npy,Arrest
../VAD_dataset/UCF-Crimes/UCF_Crimes/sbert_Caption_Features_janus/Arrest012_x264_captions_janus_pro.npy,Arrest
../VAD_dataset/UCF-Crimes/UCF_Crimes/sbert_Caption_Features_janus/Arrest013_x264_captions_janus_pro.npy,Arrest
../VAD_dataset/UCF-Crimes/UCF_Crimes/sbert_Caption_Features_janus/Arrest014_x264_captions_janus_pro.npy,Arrest
../VAD_dataset/UCF-Crimes/UCF_Crimes/sbert_Caption_Features_janus/Arrest015_x264_captions_janus_pro.npy,Arrest
../VAD_dataset/UCF-Crimes/UCF_Crimes/sbert_Caption_Features_janus/Arrest016_x264_captions_janus_pro.npy,Arrest
../VAD_dataset/UCF-Crimes/UCF_Crimes/sbert_Caption_Features_janus/Arrest017_x264_captions_janus_pro.npy,Arrest
../VAD_dataset/UCF-Crimes/UCF_Crimes/sbert_Caption_Features_janus/Arrest018_x264_captions_janus_pro.npy,Arrest
../VAD_dataset/UCF-Crimes/UCF_Crimes/sbert_Caption_Features_janus/Arrest019_x264_captions_janus_pro.npy,Arrest
../VAD_dataset/UCF-Crimes/UCF_Crimes/sbert_Caption_Features_janus/Arrest020_x264_captions_janus_pro.npy,Arrest
../VAD_dataset/UCF-Crimes/UCF_Crimes/sbert_Caption_Features_janus/Arrest021_x264_captions_janus_pro.npy,Arrest
../VAD_dataset/UCF-Crimes/UCF_Crimes/sbert_Caption_Features_janus/Arrest022_x264_captions_janus_pro.npy,Arrest
../VAD_dataset/UCF-Crimes/UCF_Crimes/sbert_Caption_Features_janus/Arrest023_x264_captions_janus_pro.npy,Arrest
../VAD_dataset/UCF-Crimes/UCF_Crimes/sbert_Caption_Features_janus/Arrest025_x264_captions_janus_pro.npy,Arrest
../VAD_dataset/UCF-Crimes/UCF_Crimes/sbert_Caption_Features_janus/Arrest026_x264_captions_janus_pro.npy,Arrest
../VAD_dataset/UCF-Crimes/UCF_Crimes/sbert_Caption_Features_janus/Arrest027_x264_captions_janus_pro.npy,Arrest
../VAD_dataset/UCF-Crimes/UCF_Crimes/sbert_Caption_Features_janus/Arrest028_x264_captions_janus_pro.npy,Arrest
../VAD_dataset/UCF-Crimes/UCF_Crimes/sbert_Caption_Features_janus/Arrest029_x264_captions_janus_pro.npy,Arrest
../VAD_dataset/UCF-Crimes/UCF_Crimes/sbert_Caption_Features_janus/Arrest031_x264_captions_janus_pro.npy,Arrest
../VAD_dataset/UCF-Crimes/UCF_Crimes/sbert_Caption_Features_janus/Arrest032_x264_captions_janus_pro.npy,Arrest
../VAD_dataset/UCF-Crimes/UCF_Crimes/sbert_Caption_Features_janus/Arrest033_x264_captions_janus_pro.npy,Arrest
../VAD_dataset/UCF-Crimes/UCF_Crimes/sbert_Caption_Features_janus/Arrest034_x264_captions_janus_pro.npy,Arrest
../VAD_dataset/UCF-Crimes/UCF_Crimes/sbert_Caption_Features_janus/Arrest035_x264_captions_janus_pro.npy,Arrest
../VAD_dataset/UCF-Crimes/UCF_Crimes/sbert_Caption_Features_janus/Arrest036_x264_captions_janus_pro.npy,Arrest
../VAD_dataset/UCF-Crimes/UCF_Crimes/sbert_Caption_Features_janus/Arrest037_x264_captions_janus_pro.npy,Arrest
../VAD_dataset/UCF-Crimes/UCF_Crimes/sbert_Caption_Features_janus/Arrest038_x264_captions_janus_pro.npy,Arrest
../VAD_dataset/UCF-Crimes/UCF_Crimes/sbert_Caption_Features_janus/Arrest040_x264_captions_janus_pro.npy,Arrest
../VAD_dataset/UCF-Crimes/UCF_Crimes/sbert_Caption_Features_janus/Arrest041_x264_captions_janus_pro.npy,Arrest
../VAD_dataset/UCF-Crimes/UCF_Crimes/sbert_Caption_Features_janus/Arrest042_x264_captions_janus_pro.npy,Arrest
../VAD_dataset/UCF-Crimes/UCF_Crimes/sbert_Caption_Features_janus/Arrest043_x264_captions_janus_pro.npy,Arrest
../VAD_dataset/UCF-Crimes/UCF_Crimes/sbert_Caption_Features_janus/Arrest044_x264_captions_janus_pro.npy,Arrest
../VAD_dataset/UCF-Crimes/UCF_Crimes/sbert_Caption_Features_janus/Arrest046_x264_captions_janus_pro.npy,Arrest
../VAD_dataset/UCF-Crimes/UCF_Crimes/sbert_Caption_Features_janus/Arrest047_x264_captions_janus_pro.npy,Arrest
../VAD_dataset/UCF-Crimes/UCF_Crimes/sbert_Caption_Features_janus/Arrest048_x264_captions_janus_pro.npy,Arrest
../VAD_dataset/UCF-Crimes/UCF_Crimes/sbert_Caption_Features_janus/Arrest049_x264_captions_janus_pro.npy,Arrest
../VAD_dataset/UCF-Crimes/UCF_Crimes/sbert_Caption_Features_janus/Arrest050_x264_captions_janus_pro.npy,Arrest
../VAD_dataset/UCF-Crimes/UCF_Crimes/sbert_Caption_Features_janus/Arrest051_x264_captions_janus_pro.npy,Arrest
../VAD_dataset/UCF-Crimes/UCF_Crimes/sbert_Caption_Features_janus/Arson001_x264_captions_janus_pro.npy,Arson
../VAD_dataset/UCF-Crimes/UCF_Crimes/sbert_Caption_Features_janus/Arson002_x264_captions_janus_pro.npy,Arson
../VAD_dataset/UCF-Crimes/UCF_Crimes/sbert_Caption_Features_janus/Arson003_x264_captions_janus_pro.npy,Arson
../VAD_dataset/UCF-Crimes/UCF_Crimes/sbert_Caption_Features_janus/Arson005_x264_captions_janus_pro.npy,Arson
../VAD_dataset/UCF-Crimes/UCF_Crimes/sbert_Caption_Features_janus/Arson006_x264_captions_janus_pro.npy,Arson
../VAD_dataset/UCF-Crimes/UCF_Crimes/sbert_Caption_Features_janus/Arson008_x264_captions_janus_pro.npy,Arson
../VAD_dataset/UCF-Crimes/UCF_Crimes/sbert_Caption_Features_janus/Arson012_x264_captions_janus_pro.npy,Arson
../VAD_dataset/UCF-Crimes/UCF_Crimes/sbert_Caption_Features_janus/Arson013_x264_captions_janus_pro.npy,Arson
../VAD_dataset/UCF-Crimes/UCF_Crimes/sbert_Caption_Features_janus/Arson014_x264_captions_janus_pro.npy,Arson
../VAD_dataset/UCF-Crimes/UCF_Crimes/sbert_Caption_Features_janus/Arson015_x264_captions_janus_pro.npy,Arson
../VAD_dataset/UCF-Crimes/UCF_Crimes/sbert_Caption_Features_janus/Arson017_x264_captions_janus_pro.npy,Arson
../VAD_dataset/UCF-Crimes/UCF_Crimes/sbert_Caption_Features_janus/Arson019_x264_captions_janus_pro.npy,Arson
../VAD_dataset/UCF-Crimes/UCF_Crimes/sbert_Caption_Features_janus/Arson020_x264_captions_janus_pro.npy,Arson
../VAD_dataset/UCF-Crimes/UCF_Crimes/sbert_Caption_Features_janus/Arson021_x264_captions_janus_pro.npy,Arson
../VAD_dataset/UCF-Crimes/UCF_Crimes/sbert_Caption_Features_janus/Arson023_x264_captions_janus_pro.npy,Arson
../VAD_dataset/UCF-Crimes/UCF_Crimes/sbert_Caption_Features_janus/Arson024_x264_captions_janus_pro.npy,Arson
../VAD_dataset/UCF-Crimes/UCF_Crimes/sbert_Caption_Features_janus/Arson025_x264_captions_janus_pro.npy,Arson
../VAD_dataset/UCF-Crimes/UCF_Crimes/sbert_Caption_Features_janus/Arson026_x264_captions_janus_pro.npy,Arson
../VAD_dataset/UCF-Crimes/UCF_Crimes/sbert_Caption_Features_janus/Arson027_x264_captions_janus_pro.npy,Arson
../VAD_dataset/UCF-Crimes/UCF_Crimes/sbert_Caption_Features_janus/Arson028_x264_captions_janus_pro.npy,Arson
../VAD_dataset/UCF-Crimes/UCF_Crimes/sbert_Caption_Features_janus/Arson029_x264_captions_janus_pro.npy,Arson
../VAD_dataset/UCF-Crimes/UCF_Crimes/sbert_Caption_Features_janus/Arson030_x264_captions_janus_pro.npy,Arson
../VAD_dataset/UCF-Crimes/UCF_Crimes/sbert_Caption_Features_janus/Arson031_x264_captions_janus_pro.npy,Arson
../VAD_dataset/UCF-Crimes/UCF_Crimes/sbert_Caption_Features_janus/Arson032_x264_captions_janus_pro.npy,Arson
../VAD_dataset/UCF-Crimes/UCF_Crimes/sbert_Caption_Features_janus/Arson034_x264_captions_janus_pro.npy,Arson
../VAD_dataset/UCF-Crimes/UCF_Crimes/sbert_Caption_Features_janus/Arson036_x264_captions_janus_pro.npy,Arson
../VAD_dataset/UCF-Crimes/UCF_Crimes/sbert_Caption_Features_janus/Arson037_x264_captions_janus_pro.npy,Arson
../VAD_dataset/UCF-Crimes/UCF_Crimes/sbert_Caption_Features_janus/Arson038_x264_captions_janus_pro.npy,Arson
../VAD_dataset/UCF-Crimes/UCF_Crimes/sbert_Caption_Features_janus/Arson039_x264_captions_janus_pro.npy,Arson
../VAD_dataset/UCF-Crimes/UCF_Crimes/sbert_Caption_Features_janus/Arson040_x264_captions_janus_pro.npy,Arson
../VAD_dataset/UCF-Crimes/UCF_Crimes/sbert_Caption_Features_janus/Arson042_x264_captions_janus_pro.npy,Arson
../VAD_dataset/UCF-Crimes/UCF_Crimes/sbert_Caption_Features_janus/Arson044_x264_captions_janus_pro.npy,Arson
../VAD_dataset/UCF-Crimes/UCF_Crimes/sbert_Caption_Features_janus/Arson045_x264_captions_janus_pro.npy,Arson
../VAD_dataset/UCF-Crimes/UCF_Crimes/sbert_Caption_Features_janus/Arson046_x264_captions_janus_pro.npy,Arson
../VAD_dataset/UCF-Crimes/UCF_Crimes/sbert_Caption_Features_janus/Arson047_x264_captions_janus_pro.npy,Arson
../VAD_dataset/UCF-Crimes/UCF_Crimes/sbert_Caption_Features_janus/Arson048_x264_captions_janus_pro.npy,Arson
../VAD_dataset/UCF-Crimes/UCF_Crimes/sbert_Caption_Features_janus/Arson049_x264_captions_janus_pro.npy,Arson
../VAD_dataset/UCF-Crimes/UCF_Crimes/sbert_Caption_Features_janus/Arson050_x264_captions_janus_pro.npy,Arson
../VAD_dataset/UCF-Crimes/UCF_Crimes/sbert_Caption_Features_janus/Arson051_x264_captions_janus_pro.npy,Arson
../VAD_dataset/UCF-Crimes/UCF_Crimes/sbert_Caption_Features_janus/Arson052_x264_captions_janus_pro.npy,Arson
../VAD_dataset/UCF-Crimes/UCF_Crimes/sbert_Caption_Features_janus/Arson053_x264_captions_janus_pro.npy,Arson
../VAD_dataset/UCF-Crimes/UCF_Crimes/sbert_Caption_Features_janus/Assault001_x264_captions_janus_pro.npy,Assault
../VAD_dataset/UCF-Crimes/UCF_Crimes/sbert_Caption_Features_janus/Assault002_x264_captions_janus_pro.npy,Assault
../VAD_dataset/UCF-Crimes/UCF_Crimes/sbert_Caption_Features_janus/Assault003_x264_captions_janus_pro.npy,Assault
../VAD_dataset/UCF-Crimes/UCF_Crimes/sbert_Caption_Features_janus/Assault004_x264_captions_janus_pro.npy,Assault
../VAD_dataset/UCF-Crimes/UCF_Crimes/sbert_Caption_Features_janus/Assault005_x264_captions_janus_pro.npy,Assault
../VAD_dataset/UCF-Crimes/UCF_Crimes/sbert_Caption_Features_janus/Assault007_x264_captions_janus_pro.npy,Assault
../VAD_dataset/UCF-Crimes/UCF_Crimes/sbert_Caption_Features_janus/Assault008_x264_captions_janus_pro.npy,Assault
../VAD_dataset/UCF-Crimes/UCF_Crimes/sbert_Caption_Features_janus/Assault009_x264_captions_janus_pro.npy,Assault
../VAD_dataset/UCF-Crimes/UCF_Crimes/sbert_Caption_Features_janus/Assault012_x264_captions_janus_pro.npy,Assault
../VAD_dataset/UCF-Crimes/UCF_Crimes/sbert_Caption_Features_janus/Assault013_x264_captions_janus_pro.npy,Assault
../VAD_dataset/UCF-Crimes/UCF_Crimes/sbert_Caption_Features_janus/Assault014_x264_captions_janus_pro.npy,Assault
../VAD_dataset/UCF-Crimes/UCF_Crimes/sbert_Caption_Features_janus/Assault015_x264_captions_janus_pro.npy,Assault
../VAD_dataset/UCF-Crimes/UCF_Crimes/sbert_Caption_Features_janus/Assault016_x264_captions_janus_pro.npy,Assault
../VAD_dataset/UCF-Crimes/UCF_Crimes/sbert_Caption_Features_janus/Assault017_x264_captions_janus_pro.npy,Assault
../VAD_dataset/UCF-Crimes/UCF_Crimes/sbert_Caption_Features_janus/Assault018_x264_captions_janus_pro.npy,Assault
../VAD_dataset/UCF-Crimes/UCF_Crimes/sbert_Caption_Features_janus/Assault019_x264_captions_janus_pro.npy,Assault
../VAD_dataset/UCF-Crimes/UCF_Crimes/sbert_Caption_Features_janus/Assault020_x264_captions_janus_pro.npy,Assault
../VAD_dataset/UCF-Crimes/UCF_Crimes/sbert_Caption_Features_janus/Assault022_x264_captions_janus_pro.npy,Assault
../VAD_dataset/UCF-Crimes/UCF_Crimes/sbert_Caption_Features_janus/Assault023_x264_captions_janus_pro.npy,Assault
../VAD_dataset/UCF-Crimes/UCF_Crimes/sbert_Caption_Features_janus/Assault024_x264_captions_janus_pro.npy,Assault
../VAD_dataset/UCF-Crimes/UCF_Crimes/sbert_Caption_Features_janus/Assault025_x264_captions_janus_pro.npy,Assault
../VAD_dataset/UCF-Crimes/UCF_Crimes/sbert_Caption_Features_janus/Assault026_x264_captions_janus_pro.npy,Assault
../VAD_dataset/UCF-Crimes/UCF_Crimes/sbert_Caption_Features_janus/Assault027_x264_captions_janus_pro.npy,Assault
../VAD_dataset/UCF-Crimes/UCF_Crimes/sbert_Caption_Features_janus/Assault028_x264_captions_janus_pro.npy,Assault
../VAD_dataset/UCF-Crimes/UCF_Crimes/sbert_Caption_Features_janus/Assault029_x264_captions_janus_pro.npy,Assault
../VAD_dataset/UCF-Crimes/UCF_Crimes/sbert_Caption_Features_janus/Assault030_x264_captions_janus_pro.npy,Assault
../VAD_dataset/UCF-Crimes/UCF_Crimes/sbert_Caption_Features_janus/Assault031_x264_captions_janus_pro.npy,Assault
../VAD_dataset/UCF-Crimes/UCF_Crimes/sbert_Caption_Features_janus/Assault032_x264_captions_janus_pro.npy,Assault
../VAD_dataset/UCF-Crimes/UCF_Crimes/sbert_Caption_Features_janus/Assault033_x264_captions_janus_pro.npy,Assault
../VAD_dataset/UCF-Crimes/UCF_Crimes/sbert_Caption_Features_janus/Assault034_x264_captions_janus_pro.npy,Assault
../VAD_dataset/UCF-Crimes/UCF_Crimes/sbert_Caption_Features_janus/Assault035_x264_captions_janus_pro.npy,Assault
../VAD_dataset/UCF-Crimes/UCF_Crimes/sbert_Caption_Features_janus/Assault036_x264_captions_janus_pro.npy,Assault
../VAD_dataset/UCF-Crimes/UCF_Crimes/sbert_Caption_Features_janus/Assault037_x264_captions_janus_pro.npy,Assault
../VAD_dataset/UCF-Crimes/UCF_Crimes/sbert_Caption_Features_janus/Assault038_x264_captions_janus_pro.npy,Assault
../VAD_dataset/UCF-Crimes/UCF_Crimes/sbert_Caption_Features_janus/Assault039_x264_captions_janus_pro.npy,Assault
../VAD_dataset/UCF-Crimes/UCF_Crimes/sbert_Caption_Features_janus/Assault040_x264_captions_janus_pro.npy,Assault
../VAD_dataset/UCF-Crimes/UCF_Crimes/sbert_Caption_Features_janus/Assault041_x264_captions_janus_pro.npy,Assault
../VAD_dataset/UCF-Crimes/UCF_Crimes/sbert_Caption_Features_janus/Assault042_x264_captions_janus_pro.npy,Assault
../VAD_dataset/UCF-Crimes/UCF_Crimes/sbert_Caption_Features_janus/Assault044_x264_captions_janus_pro.npy,Assault
../VAD_dataset/UCF-Crimes/UCF_Crimes/sbert_Caption_Features_janus/Assault045_x264_captions_janus_pro.npy,Assault
../VAD_dataset/UCF-Crimes/UCF_Crimes/sbert_Caption_Features_janus/Assault046_x264_captions_janus_pro.npy,Assault
../VAD_dataset/UCF-Crimes/UCF_Crimes/sbert_Caption_Features_janus/Assault047_x264_captions_janus_pro.npy,Assault
../VAD_dataset/UCF-Crimes/UCF_Crimes/sbert_Caption_Features_janus/Assault048_x264_captions_janus_pro.npy,Assault
../VAD_dataset/UCF-Crimes/UCF_Crimes/sbert_Caption_Features_janus/Assault049_x264_captions_janus_pro.npy,Assault
../VAD_dataset/UCF-Crimes/UCF_Crimes/sbert_Caption_Features_janus/Assault050_x264_captions_janus_pro.npy,Assault
../VAD_dataset/UCF-Crimes/UCF_Crimes/sbert_Caption_Features_janus/Assault051_x264_captions_janus_pro.npy,Assault
../VAD_dataset/UCF-Crimes/UCF_Crimes/sbert_Caption_Features_janus/Assault052_x264_captions_janus_pro.npy,Assault
../VAD_dataset/UCF-Crimes/UCF_Crimes/sbert_Caption_Features_janus/Burglary001_x264_captions_janus_pro.npy,Burglary
../VAD_dataset/UCF-Crimes/UCF_Crimes/sbert_Caption_Features_janus/Burglary002_x264_captions_janus_pro.npy,Burglary
../VAD_dataset/UCF-Crimes/UCF_Crimes/sbert_Caption_Features_janus/Burglary003_x264_captions_janus_pro.npy,Burglary
../VAD_dataset/UCF-Crimes/UCF_Crimes/sbert_Caption_Features_janus/Burglary004_x264_captions_janus_pro.npy,Burglary
../VAD_dataset/UCF-Crimes/UCF_Crimes/sbert_Caption_Features_janus/Burglary006_x264_captions_janus_pro.npy,Burglary
../VAD_dataset/UCF-Crimes/UCF_Crimes/sbert_Caption_Features_janus/Burglary007_x264_captions_janus_pro.npy,Burglary
../VAD_dataset/UCF-Crimes/UCF_Crimes/sbert_Caption_Features_janus/Burglary008_x264_captions_janus_pro.npy,Burglary
../VAD_dataset/UCF-Crimes/UCF_Crimes/sbert_Caption_Features_janus/Burglary009_x264_captions_janus_pro.npy,Burglary
../VAD_dataset/UCF-Crimes/UCF_Crimes/sbert_Caption_Features_janus/Burglary010_x264_captions_janus_pro.npy,Burglary
../VAD_dataset/UCF-Crimes/UCF_Crimes/sbert_Caption_Features_janus/Burglary011_x264_captions_janus_pro.npy,Burglary
../VAD_dataset/UCF-Crimes/UCF_Crimes/sbert_Caption_Features_janus/Burglary012_x264_captions_janus_pro.npy,Burglary
../VAD_dataset/UCF-Crimes/UCF_Crimes/sbert_Caption_Features_janus/Burglary013_x264_captions_janus_pro.npy,Burglary
../VAD_dataset/UCF-Crimes/UCF_Crimes/sbert_Caption_Features_janus/Burglary014_x264_captions_janus_pro.npy,Burglary
../VAD_dataset/UCF-Crimes/UCF_Crimes/sbert_Caption_Features_janus/Burglary015_x264_captions_janus_pro.npy,Burglary
../VAD_dataset/UCF-Crimes/UCF_Crimes/sbert_Caption_Features_janus/Burglary016_x264_captions_janus_pro.npy,Burglary
../VAD_dataset/UCF-Crimes/UCF_Crimes/sbert_Caption_Features_janus/Burglary019_x264_captions_janus_pro.npy,Burglary
../VAD_dataset/UCF-Crimes/UCF_Crimes/sbert_Caption_Features_janus/Burglary020_x264_captions_janus_pro.npy,Burglary
../VAD_dataset/UCF-Crimes/UCF_Crimes/sbert_Caption_Features_janus/Burglary022_x264_captions_janus_pro.npy,Burglary
../VAD_dataset/UCF-Crimes/UCF_Crimes/sbert_Caption_Features_janus/Burglary023_x264_captions_janus_pro.npy,Burglary
../VAD_dataset/UCF-Crimes/UCF_Crimes/sbert_Caption_Features_janus/Burglary025_x264_captions_janus_pro.npy,Burglary
../VAD_dataset/UCF-Crimes/UCF_Crimes/sbert_Caption_Features_janus/Burglary026_x264_captions_janus_pro.npy,Burglary
../VAD_dataset/UCF-Crimes/UCF_Crimes/sbert_Caption_Features_janus/Burglary027_x264_captions_janus_pro.npy,Burglary
../VAD_dataset/UCF-Crimes/UCF_Crimes/sbert_Caption_Features_janus/Burglary028_x264_captions_janus_pro.npy,Burglary
../VAD_dataset/UCF-Crimes/UCF_Crimes/sbert_Caption_Features_janus/Burglary029_x264_captions_janus_pro.npy,Burglary
../VAD_dataset/UCF-Crimes/UCF_Crimes/sbert_Caption_Features_janus/Burglary030_x264_captions_janus_pro.npy,Burglary
../VAD_dataset/UCF-Crimes/UCF_Crimes/sbert_Caption_Features_janus/Burglary031_x264_captions_janus_pro.npy,Burglary
../VAD_dataset/UCF-Crimes/UCF_Crimes/sbert_Caption_Features_janus/Burglary034_x264_captions_janus_pro.npy,Burglary
../VAD_dataset/UCF-Crimes/UCF_Crimes/sbert_Caption_Features_janus/Burglary036_x264_captions_janus_pro.npy,Burglary
../VAD_dataset/UCF-Crimes/UCF_Crimes/sbert_Caption_Features_janus/Burglary038_x264_captions_janus_pro.npy,Burglary
../VAD_dataset/UCF-Crimes/UCF_Crimes/sbert_Caption_Features_janus/Burglary039_x264_captions_janus_pro.npy,Burglary
../VAD_dataset/UCF-Crimes/UCF_Crimes/sbert_Caption_Features_janus/Burglary040_x264_captions_janus_pro.npy,Burglary
../VAD_dataset/UCF-Crimes/UCF_Crimes/sbert_Caption_Features_janus/Burglary041_x264_captions_janus_pro.npy,Burglary
../VAD_dataset/UCF-Crimes/UCF_Crimes/sbert_Caption_Features_janus/Burglary042_x264_captions_janus_pro.npy,Burglary
../VAD_dataset/UCF-Crimes/UCF_Crimes/sbert_Caption_Features_janus/Burglary043_x264_captions_janus_pro.npy,Burglary
../VAD_dataset/UCF-Crimes/UCF_Crimes/sbert_Caption_Features_janus/Burglary044_x264_captions_janus_pro.npy,Burglary
../VAD_dataset/UCF-Crimes/UCF_Crimes/sbert_Caption_Features_janus/Burglary045_x264_captions_janus_pro.npy,Burglary
../VAD_dataset/UCF-Crimes/UCF_Crimes/sbert_Caption_Features_janus/Burglary046_x264_captions_janus_pro.npy,Burglary
../VAD_dataset/UCF-Crimes/UCF_Crimes/sbert_Caption_Features_janus/Burglary047_x264_captions_janus_pro.npy,Burglary
../VAD_dataset/UCF-Crimes/UCF_Crimes/sbert_Caption_Features_janus/Burglary048_x264_captions_janus_pro.npy,Burglary
../VAD_dataset/UCF-Crimes/UCF_Crimes/sbert_Caption_Features_janus/Burglary049_x264_captions_janus_pro.npy,Burglary
../VAD_dataset/UCF-Crimes/UCF_Crimes/sbert_Caption_Features_janus/Burglary050_x264_captions_janus_pro.npy,Burglary
../VAD_dataset/UCF-Crimes/UCF_Crimes/sbert_Caption_Features_janus/Burglary051_x264_captions_janus_pro.npy,Burglary
../VAD_dataset/UCF-Crimes/UCF_Crimes/sbert_Caption_Features_janus/Burglary052_x264_captions_janus_pro.npy,Burglary
../VAD_dataset/UCF-Crimes/UCF_Crimes/sbert_Caption_Features_janus/Burglary053_x264_captions_janus_pro.npy,Burglary
../VAD_dataset/UCF-Crimes/UCF_Crimes/sbert_Caption_Features_janus/Burglary054_x264_captions_janus_pro.npy,Burglary
../VAD_dataset/UCF-Crimes/UCF_Crimes/sbert_Caption_Features_janus/Burglary055_x264_captions_janus_pro.npy,Burglary
../VAD_dataset/UCF-Crimes/UCF_Crimes/sbert_Caption_Features_janus/Burglary056_x264_captions_janus_pro.npy,Burglary
../VAD_dataset/UCF-Crimes/UCF_Crimes/sbert_Caption_Features_janus/Burglary057_x264_captions_janus_pro.npy,Burglary
../VAD_dataset/UCF-Crimes/UCF_Crimes/sbert_Caption_Features_janus/Burglary058_x264_captions_janus_pro.npy,Burglary
../VAD_dataset/UCF-Crimes/UCF_Crimes/sbert_Caption_Features_janus/Burglary059_x264_captions_janus_pro.npy,Burglary
../VAD_dataset/UCF-Crimes/UCF_Crimes/sbert_Caption_Features_janus/Burglary060_x264_captions_janus_pro.npy,Burglary
../VAD_dataset/UCF-Crimes/UCF_Crimes/sbert_Caption_Features_janus/Burglary062_x264_captions_janus_pro.npy,Burglary
../VAD_dataset/UCF-Crimes/UCF_Crimes/sbert_Caption_Features_janus/Burglary063_x264_captions_janus_pro.npy,Burglary
../VAD_dataset/UCF-Crimes/UCF_Crimes/sbert_Caption_Features_janus/Burglary064_x264_captions_janus_pro.npy,Burglary
../VAD_dataset/UCF-Crimes/UCF_Crimes/sbert_Caption_Features_janus/Burglary065_x264_captions_janus_pro.npy,Burglary
../VAD_dataset/UCF-Crimes/UCF_Crimes/sbert_Caption_Features_janus/Burglary066_x264_captions_janus_pro.npy,Burglary
../VAD_dataset/UCF-Crimes/UCF_Crimes/sbert_Caption_Features_janus/Burglary067_x264_captions_janus_pro.npy,Burglary
../VAD_dataset/UCF-Crimes/UCF_Crimes/sbert_Caption_Features_janus/Burglary068_x264_captions_janus_pro.npy,Burglary
../VAD_dataset/UCF-Crimes/UCF_Crimes/sbert_Caption_Features_janus/Burglary069_x264_captions_janus_pro.npy,Burglary
../VAD_dataset/UCF-Crimes/UCF_Crimes/sbert_Caption_Features_janus/Burglary070_x264_captions_janus_pro.npy,Burglary
../VAD_dataset/UCF-Crimes/UCF_Crimes/sbert_Caption_Features_janus/Burglary071_x264_captions_janus_pro.npy,Burglary
../VAD_dataset/UCF-Crimes/UCF_Crimes/sbert_Caption_Features_janus/Burglary072_x264_captions_janus_pro.npy,Burglary
../VAD_dataset/UCF-Crimes/UCF_Crimes/sbert_Caption_Features_janus/Burglary073_x264_captions_janus_pro.npy,Burglary
../VAD_dataset/UCF-Crimes/UCF_Crimes/sbert_Caption_Features_janus/Burglary074_x264_captions_janus_pro.npy,Burglary
../VAD_dataset/UCF-Crimes/UCF_Crimes/sbert_Caption_Features_janus/Burglary075_x264_captions_janus_pro.npy,Burglary
../VAD_dataset/UCF-Crimes/UCF_Crimes/sbert_Caption_Features_janus/Burglary077_x264_captions_janus_pro.npy,Burglary
../VAD_dataset/UCF-Crimes/UCF_Crimes/sbert_Caption_Features_janus/Burglary078_x264_captions_janus_pro.npy,Burglary
../VAD_dataset/UCF-Crimes/UCF_Crimes/sbert_Caption_Features_janus/Burglary080_x264_captions_janus_pro.npy,Burglary
../VAD_dataset/UCF-Crimes/UCF_Crimes/sbert_Caption_Features_janus/Burglary081_x264_captions_janus_pro.npy,Burglary
../VAD_dataset/UCF-Crimes/UCF_Crimes/sbert_Caption_Features_janus/Burglary082_x264_captions_janus_pro.npy,Burglary
../VAD_dataset/UCF-Crimes/UCF_Crimes/sbert_Caption_Features_janus/Burglary083_x264_captions_janus_pro.npy,Burglary
../VAD_dataset/UCF-Crimes/UCF_Crimes/sbert_Caption_Features_janus/Burglary084_x264_captions_janus_pro.npy,Burglary
../VAD_dataset/UCF-Crimes/UCF_Crimes/sbert_Caption_Features_janus/Burglary085_x264_captions_janus_pro.npy,Burglary
../VAD_dataset/UCF-Crimes/UCF_Crimes/sbert_Caption_Features_janus/Burglary086_x264_captions_janus_pro.npy,Burglary
../VAD_dataset/UCF-Crimes/UCF_Crimes/sbert_Caption_Features_janus/Burglary087_x264_captions_janus_pro.npy,Burglary
../VAD_dataset/UCF-Crimes/UCF_Crimes/sbert_Caption_Features_janus/Burglary088_x264_captions_janus_pro.npy,Burglary
../VAD_dataset/UCF-Crimes/UCF_Crimes/sbert_Caption_Features_janus/Burglary089_x264_captions_janus_pro.npy,Burglary
../VAD_dataset/UCF-Crimes/UCF_Crimes/sbert_Caption_Features_janus/Burglary090_x264_captions_janus_pro.npy,Burglary
../VAD_dataset/UCF-Crimes/UCF_Crimes/sbert_Caption_Features_janus/Burglary091_x264_captions_janus_pro.npy,Burglary
../VAD_dataset/UCF-Crimes/UCF_Crimes/sbert_Caption_Features_janus/Burglary093_x264_captions_janus_pro.npy,Burglary
../VAD_dataset/UCF-Crimes/UCF_Crimes/sbert_Caption_Features_janus/Burglary094_x264_captions_janus_pro.npy,Burglary
../VAD_dataset/UCF-Crimes/UCF_Crimes/sbert_Caption_Features_janus/Burglary095_x264_captions_janus_pro.npy,Burglary
../VAD_dataset/UCF-Crimes/UCF_Crimes/sbert_Caption_Features_janus/Burglary096_x264_captions_janus_pro.npy,Burglary
../VAD_dataset/UCF-Crimes/UCF_Crimes/sbert_Caption_Features_janus/Burglary097_x264_captions_janus_pro.npy,Burglary
../VAD_dataset/UCF-Crimes/UCF_Crimes/sbert_Caption_Features_janus/Burglary098_x264_captions_janus_pro.npy,Burglary
../VAD_dataset/UCF-Crimes/UCF_Crimes/sbert_Caption_Features_janus/Burglary099_x264_captions_janus_pro.npy,Burglary
../VAD_dataset/UCF-Crimes/UCF_Crimes/sbert_Caption_Features_janus/Burglary100_x264_captions_janus_pro.npy,Burglary
../VAD_dataset/UCF-Crimes/UCF_Crimes/sbert_Caption_Features_janus/Explosion001_x264_captions_janus_pro.npy,Explosion
../VAD_dataset/UCF-Crimes/UCF_Crimes/sbert_Caption_Features_janus/Explosion003_x264_captions_janus_pro.npy,Explosion
../VAD_dataset/UCF-Crimes/UCF_Crimes/sbert_Caption_Features_janus/Explosion005_x264_captions_janus_pro.npy,Explosion
../VAD_dataset/UCF-Crimes/UCF_Crimes/sbert_Caption_Features_janus/Explosion006_x264_captions_janus_pro.npy,Explosion
../VAD_dataset/UCF-Crimes/UCF_Crimes/sbert_Caption_Features_janus/Explosion009_x264_captions_janus_pro.npy,Explosion
../VAD_dataset/UCF-Crimes/UCF_Crimes/sbert_Caption_Features_janus/Explosion012_x264_captions_janus_pro.npy,Explosion
../VAD_dataset/UCF-Crimes/UCF_Crimes/sbert_Caption_Features_janus/Explosion014_x264_captions_janus_pro.npy,Explosion
../VAD_dataset/UCF-Crimes/UCF_Crimes/sbert_Caption_Features_janus/Explosion015_x264_captions_janus_pro.npy,Explosion
../VAD_dataset/UCF-Crimes/UCF_Crimes/sbert_Caption_Features_janus/Explosion018_x264_captions_janus_pro.npy,Explosion
../VAD_dataset/UCF-Crimes/UCF_Crimes/sbert_Caption_Features_janus/Explosion019_x264_captions_janus_pro.npy,Explosion
../VAD_dataset/UCF-Crimes/UCF_Crimes/sbert_Caption_Features_janus/Explosion023_x264_captions_janus_pro.npy,Explosion
../VAD_dataset/UCF-Crimes/UCF_Crimes/sbert_Caption_Features_janus/Explosion024_x264_captions_janus_pro.npy,Explosion
../VAD_dataset/UCF-Crimes/UCF_Crimes/sbert_Caption_Features_janus/Explosion026_x264_captions_janus_pro.npy,Explosion
../VAD_dataset/UCF-Crimes/UCF_Crimes/sbert_Caption_Features_janus/Explosion030_x264_captions_janus_pro.npy,Explosion
../VAD_dataset/UCF-Crimes/UCF_Crimes/sbert_Caption_Features_janus/Explosion032_x264_captions_janus_pro.npy,Explosion
../VAD_dataset/UCF-Crimes/UCF_Crimes/sbert_Caption_Features_janus/Explosion034_x264_captions_janus_pro.npy,Explosion
../VAD_dataset/UCF-Crimes/UCF_Crimes/sbert_Caption_Features_janus/Explosion037_x264_captions_janus_pro.npy,Explosion
../VAD_dataset/UCF-Crimes/UCF_Crimes/sbert_Caption_Features_janus/Explosion038_x264_captions_janus_pro.npy,Explosion
../VAD_dataset/UCF-Crimes/UCF_Crimes/sbert_Caption_Features_janus/Explosion040_x264_captions_janus_pro.npy,Explosion
../VAD_dataset/UCF-Crimes/UCF_Crimes/sbert_Caption_Features_janus/Explosion041_x264_captions_janus_pro.npy,Explosion
../VAD_dataset/UCF-Crimes/UCF_Crimes/sbert_Caption_Features_janus/Explosion042_x264_captions_janus_pro.npy,Explosion
../VAD_dataset/UCF-Crimes/UCF_Crimes/sbert_Caption_Features_janus/Explosion044_x264_captions_janus_pro.npy,Explosion
../VAD_dataset/UCF-Crimes/UCF_Crimes/sbert_Caption_Features_janus/Explosion045_x264_captions_janus_pro.npy,Explosion
../VAD_dataset/UCF-Crimes/UCF_Crimes/sbert_Caption_Features_janus/Explosion046_x264_captions_janus_pro.npy,Explosion
../VAD_dataset/UCF-Crimes/UCF_Crimes/sbert_Caption_Features_janus/Explosion047_x264_captions_janus_pro.npy,Explosion
../VAD_dataset/UCF-Crimes/UCF_Crimes/sbert_Caption_Features_janus/Explosion048_x264_captions_janus_pro.npy,Explosion
../VAD_dataset/UCF-Crimes/UCF_Crimes/sbert_Caption_Features_janus/Explosion050_x264_captions_janus_pro.npy,Explosion
../VAD_dataset/UCF-Crimes/UCF_Crimes/sbert_Caption_Features_janus/Explosion051_x264_captions_janus_pro.npy,Explosion
../VAD_dataset/UCF-Crimes/UCF_Crimes/sbert_Caption_Features_janus/Explosion052_x264_captions_janus_pro.npy,Explosion
../VAD_dataset/UCF-Crimes/UCF_Crimes/sbert_Caption_Features_janus/Fighting002_x264_captions_janus_pro.npy,Fighting
../VAD_dataset/UCF-Crimes/UCF_Crimes/sbert_Caption_Features_janus/Fighting004_x264_captions_janus_pro.npy,Fighting
../VAD_dataset/UCF-Crimes/UCF_Crimes/sbert_Caption_Features_janus/Fighting005_x264_captions_janus_pro.npy,Fighting
../VAD_dataset/UCF-Crimes/UCF_Crimes/sbert_Caption_Features_janus/Fighting006_x264_captions_janus_pro.npy,Fighting
../VAD_dataset/UCF-Crimes/UCF_Crimes/sbert_Caption_Features_janus/Fighting007_x264_captions_janus_pro.npy,Fighting
../VAD_dataset/UCF-Crimes/UCF_Crimes/sbert_Caption_Features_janus/Fighting008_x264_captions_janus_pro.npy,Fighting
../VAD_dataset/UCF-Crimes/UCF_Crimes/sbert_Caption_Features_janus/Fighting009_x264_captions_janus_pro.npy,Fighting
../VAD_dataset/UCF-Crimes/UCF_Crimes/sbert_Caption_Features_janus/Fighting010_x264_captions_janus_pro.npy,Fighting
../VAD_dataset/UCF-Crimes/UCF_Crimes/sbert_Caption_Features_janus/Fighting011_x264_captions_janus_pro.npy,Fighting
../VAD_dataset/UCF-Crimes/UCF_Crimes/sbert_Caption_Features_janus/Fighting012_x264_captions_janus_pro.npy,Fighting
../VAD_dataset/UCF-Crimes/UCF_Crimes/sbert_Caption_Features_janus/Fighting013_x264_captions_janus_pro.npy,Fighting
../VAD_dataset/UCF-Crimes/UCF_Crimes/sbert_Caption_Features_janus/Fighting014_x264_captions_janus_pro.npy,Fighting
../VAD_dataset/UCF-Crimes/UCF_Crimes/sbert_Caption_Features_janus/Fighting015_x264_captions_janus_pro.npy,Fighting
../VAD_dataset/UCF-Crimes/UCF_Crimes/sbert_Caption_Features_janus/Fighting016_x264_captions_janus_pro.npy,Fighting
../VAD_dataset/UCF-Crimes/UCF_Crimes/sbert_Caption_Features_janus/Fighting017_x264_captions_janus_pro.npy,Fighting
../VAD_dataset/UCF-Crimes/UCF_Crimes/sbert_Caption_Features_janus/Fighting019_x264_captions_janus_pro.npy,Fighting
../VAD_dataset/UCF-Crimes/UCF_Crimes/sbert_Caption_Features_janus/Fighting020_x264_captions_janus_pro.npy,Fighting
../VAD_dataset/UCF-Crimes/UCF_Crimes/sbert_Caption_Features_janus/Fighting021_x264_captions_janus_pro.npy,Fighting
../VAD_dataset/UCF-Crimes/UCF_Crimes/sbert_Caption_Features_janus/Fighting022_x264_captions_janus_pro.npy,Fighting
../VAD_dataset/UCF-Crimes/UCF_Crimes/sbert_Caption_Features_janus/Fighting023_x264_captions_janus_pro.npy,Fighting
../VAD_dataset/UCF-Crimes/UCF_Crimes/sbert_Caption_Features_janus/Fighting024_x264_captions_janus_pro.npy,Fighting
../VAD_dataset/UCF-Crimes/UCF_Crimes/sbert_Caption_Features_janus/Fighting025_x264_captions_janus_pro.npy,Fighting
../VAD_dataset/UCF-Crimes/UCF_Crimes/sbert_Caption_Features_janus/Fighting026_x264_captions_janus_pro.npy,Fighting
../VAD_dataset/UCF-Crimes/UCF_Crimes/sbert_Caption_Features_janus/Fighting027_x264_captions_janus_pro.npy,Fighting
../VAD_dataset/UCF-Crimes/UCF_Crimes/sbert_Caption_Features_janus/Fighting028_x264_captions_janus_pro.npy,Fighting
../VAD_dataset/UCF-Crimes/UCF_Crimes/sbert_Caption_Features_janus/Fighting029_x264_captions_janus_pro.npy,Fighting
../VAD_dataset/UCF-Crimes/UCF_Crimes/sbert_Caption_Features_janus/Fighting030_x264_captions_janus_pro.npy,Fighting
../VAD_dataset/UCF-Crimes/UCF_Crimes/sbert_Caption_Features_janus/Fighting031_x264_captions_janus_pro.npy,Fighting
../VAD_dataset/UCF-Crimes/UCF_Crimes/sbert_Caption_Features_janus/Fighting032_x264_captions_janus_pro.npy,Fighting
../VAD_dataset/UCF-Crimes/UCF_Crimes/sbert_Caption_Features_janus/Fighting034_x264_captions_janus_pro.npy,Fighting
../VAD_dataset/UCF-Crimes/UCF_Crimes/sbert_Caption_Features_janus/Fighting035_x264_captions_janus_pro.npy,Fighting
../VAD_dataset/UCF-Crimes/UCF_Crimes/sbert_Caption_Features_janus/Fighting036_x264_captions_janus_pro.npy,Fighting
../VAD_dataset/UCF-Crimes/UCF_Crimes/sbert_Caption_Features_janus/Fighting037_x264_captions_janus_pro.npy,Fighting
../VAD_dataset/UCF-Crimes/UCF_Crimes/sbert_Caption_Features_janus/Fighting038_x264_captions_janus_pro.npy,Fighting
../VAD_dataset/UCF-Crimes/UCF_Crimes/sbert_Caption_Features_janus/Fighting039_x264_captions_janus_pro.npy,Fighting
../VAD_dataset/UCF-Crimes/UCF_Crimes/sbert_Caption_Features_janus/Fighting040_x264_captions_janus_pro.npy,Fighting
../VAD_dataset/UCF-Crimes/UCF_Crimes/sbert_Caption_Features_janus/Fighting041_x264_captions_janus_pro.npy,Fighting
../VAD_dataset/UCF-Crimes/UCF_Crimes/sbert_Caption_Features_janus/Fighting043_x264_captions_janus_pro.npy,Fighting
../VAD_dataset/UCF-Crimes/UCF_Crimes/sbert_Caption_Features_janus/Fighting044_x264_captions_janus_pro.npy,Fighting
../VAD_dataset/UCF-Crimes/UCF_Crimes/sbert_Caption_Features_janus/Fighting045_x264_captions_janus_pro.npy,Fighting
../VAD_dataset/UCF-Crimes/UCF_Crimes/sbert_Caption_Features_janus/Fighting046_x264_captions_janus_pro.npy,Fighting
../VAD_dataset/UCF-Crimes/UCF_Crimes/sbert_Caption_Features_janus/Fighting048_x264_captions_janus_pro.npy,Fighting
../VAD_dataset/UCF-Crimes/UCF_Crimes/sbert_Caption_Features_janus/Fighting049_x264_captions_janus_pro.npy,Fighting
../VAD_dataset/UCF-Crimes/UCF_Crimes/sbert_Caption_Features_janus/Fighting050_x264_captions_janus_pro.npy,Fighting
../VAD_dataset/UCF-Crimes/UCF_Crimes/sbert_Caption_Features_janus/Fighting051_x264_captions_janus_pro.npy,Fighting
../VAD_dataset/UCF-Crimes/UCF_Crimes/sbert_Caption_Features_janus/RoadAccidents003_x264_captions_janus_pro.npy,RoadAccidents
../VAD_dataset/UCF-Crimes/UCF_Crimes/sbert_Caption_Features_janus/RoadAccidents005_x264_captions_janus_pro.npy,RoadAccidents
../VAD_dataset/UCF-Crimes/UCF_Crimes/sbert_Caption_Features_janus/RoadAccidents006_x264_captions_janus_pro.npy,RoadAccidents
../VAD_dataset/UCF-Crimes/UCF_Crimes/sbert_Caption_Features_janus/RoadAccidents007_x264_captions_janus_pro.npy,RoadAccidents
../VAD_dataset/UCF-Crimes/UCF_Crimes/sbert_Caption_Features_janus/RoadAccidents008_x264_captions_janus_pro.npy,RoadAccidents
../VAD_dataset/UCF-Crimes/UCF_Crimes/sbert_Caption_Features_janus/RoadAccidents013_x264_captions_janus_pro.npy,RoadAccidents
../VAD_dataset/UCF-Crimes/UCF_Crimes/sbert_Caption_Features_janus/RoadAccidents014_x264_captions_janus_pro.npy,RoadAccidents
../VAD_dataset/UCF-Crimes/UCF_Crimes/sbert_Caption_Features_janus/RoadAccidents015_x264_captions_janus_pro.npy,RoadAccidents
../VAD_dataset/UCF-Crimes/UCF_Crimes/sbert_Caption_Features_janus/RoadAccidents018_x264_captions_janus_pro.npy,RoadAccidents
../VAD_dataset/UCF-Crimes/UCF_Crimes/sbert_Caption_Features_janus/RoadAccidents023_x264_captions_janus_pro.npy,RoadAccidents
../VAD_dataset/UCF-Crimes/UCF_Crimes/sbert_Caption_Features_janus/RoadAccidents024_x264_captions_janus_pro.npy,RoadAccidents
../VAD_dataset/UCF-Crimes/UCF_Crimes/sbert_Caption_Features_janus/RoadAccidents025_x264_captions_janus_pro.npy,RoadAccidents
../VAD_dataset/UCF-Crimes/UCF_Crimes/sbert_Caption_Features_janus/RoadAccidents026_x264_captions_janus_pro.npy,RoadAccidents
../VAD_dataset/UCF-Crimes/UCF_Crimes/sbert_Caption_Features_janus/RoadAccidents027_x264_captions_janus_pro.npy,RoadAccidents
../VAD_dataset/UCF-Crimes/UCF_Crimes/sbert_Caption_Features_janus/RoadAccidents028_x264_captions_janus_pro.npy,RoadAccidents
../VAD_dataset/UCF-Crimes/UCF_Crimes/sbert_Caption_Features_janus/RoadAccidents029_x264_captions_janus_pro.npy,RoadAccidents
../VAD_dataset/UCF-Crimes/UCF_Crimes/sbert_Caption_Features_janus/RoadAccidents030_x264_captions_janus_pro.npy,RoadAccidents
../VAD_dataset/UCF-Crimes/UCF_Crimes/sbert_Caption_Features_janus/RoadAccidents031_x264_captions_janus_pro.npy,RoadAccidents
../VAD_dataset/UCF-Crimes/UCF_Crimes/sbert_Caption_Features_janus/RoadAccidents032_x264_captions_janus_pro.npy,RoadAccidents
../VAD_dataset/UCF-Crimes/UCF_Crimes/sbert_Caption_Features_janus/RoadAccidents033_x264_captions_janus_pro.npy,RoadAccidents
../VAD_dataset/UCF-Crimes/UCF_Crimes/sbert_Caption_Features_janus/RoadAccidents034_x264_captions_janus_pro.npy,RoadAccidents
../VAD_dataset/UCF-Crimes/UCF_Crimes/sbert_Caption_Features_janus/RoadAccidents035_x264_captions_janus_pro.npy,RoadAccidents
../VAD_dataset/UCF-Crimes/UCF_Crimes/sbert_Caption_Features_janus/RoadAccidents036_x264_captions_janus_pro.npy,RoadAccidents
../VAD_dataset/UCF-Crimes/UCF_Crimes/sbert_Caption_Features_janus/RoadAccidents037_x264_captions_janus_pro.npy,RoadAccidents
../VAD_dataset/UCF-Crimes/UCF_Crimes/sbert_Caption_Features_janus/RoadAccidents038_x264_captions_janus_pro.npy,RoadAccidents
../VAD_dataset/UCF-Crimes/UCF_Crimes/sbert_Caption_Features_janus/RoadAccidents039_x264_captions_janus_pro.npy,RoadAccidents
../VAD_dataset/UCF-Crimes/UCF_Crimes/sbert_Caption_Features_janus/RoadAccidents040_x264_captions_janus_pro.npy,RoadAccidents
../VAD_dataset/UCF-Crimes/UCF_Crimes/sbert_Caption_Features_janus/RoadAccidents041_x264_captions_janus_pro.npy,RoadAccidents
../VAD_dataset/UCF-Crimes/UCF_Crimes/sbert_Caption_Features_janus/RoadAccidents042_x264_captions_janus_pro.npy,RoadAccidents
../VAD_dataset/UCF-Crimes/UCF_Crimes/sbert_Caption_Features_janus/RoadAccidents043_x264_captions_janus_pro.npy,RoadAccidents
../VAD_dataset/UCF-Crimes/UCF_Crimes/sbert_Caption_Features_janus/RoadAccidents044_x264_captions_janus_pro.npy,RoadAccidents
../VAD_dataset/UCF-Crimes/UCF_Crimes/sbert_Caption_Features_janus/RoadAccidents046_x264_captions_janus_pro.npy,RoadAccidents
../VAD_dataset/UCF-Crimes/UCF_Crimes/sbert_Caption_Features_janus/RoadAccidents047_x264_captions_janus_pro.npy,RoadAccidents
../VAD_dataset/UCF-Crimes/UCF_Crimes/sbert_Caption_Features_janus/RoadAccidents048_x264_captions_janus_pro.npy,RoadAccidents
../VAD_dataset/UCF-Crimes/UCF_Crimes/sbert_Caption_Features_janus/RoadAccidents049_x264_captions_janus_pro.npy,RoadAccidents
../VAD_dataset/UCF-Crimes/UCF_Crimes/sbert_Caption_Features_janus/RoadAccidents050_x264_captions_janus_pro.npy,RoadAccidents
../VAD_dataset/UCF-Crimes/UCF_Crimes/sbert_Caption_Features_janus/RoadAccidents051_x264_captions_janus_pro.npy,RoadAccidents
../VAD_dataset/UCF-Crimes/UCF_Crimes/sbert_Caption_Features_janus/RoadAccidents052_x264_captions_janus_pro.npy,RoadAccidents
../VAD_dataset/UCF-Crimes/UCF_Crimes/sbert_Caption_Features_janus/RoadAccidents053_x264_captions_janus_pro.npy,RoadAccidents
../VAD_dataset/UCF-Crimes/UCF_Crimes/sbert_Caption_Features_janus/RoadAccidents054_x264_captions_janus_pro.npy,RoadAccidents
../VAD_dataset/UCF-Crimes/UCF_Crimes/sbert_Caption_Features_janus/RoadAccidents055_x264_captions_janus_pro.npy,RoadAccidents
../VAD_dataset/UCF-Crimes/UCF_Crimes/sbert_Caption_Features_janus/RoadAccidents056_x264_captions_janus_pro.npy,RoadAccidents
../VAD_dataset/UCF-Crimes/UCF_Crimes/sbert_Caption_Features_janus/RoadAccidents057_x264_captions_janus_pro.npy,RoadAccidents
../VAD_dataset/UCF-Crimes/UCF_Crimes/sbert_Caption_Features_janus/RoadAccidents058_x264_captions_janus_pro.npy,RoadAccidents
../VAD_dataset/UCF-Crimes/UCF_Crimes/sbert_Caption_Features_janus/RoadAccidents059_x264_captions_janus_pro.npy,RoadAccidents
../VAD_dataset/UCF-Crimes/UCF_Crimes/sbert_Caption_Features_janus/RoadAccidents060_x264_captions_janus_pro.npy,RoadAccidents
../VAD_dataset/UCF-Crimes/UCF_Crimes/sbert_Caption_Features_janus/RoadAccidents061_x264_captions_janus_pro.npy,RoadAccidents
../VAD_dataset/UCF-Crimes/UCF_Crimes/sbert_Caption_Features_janus/RoadAccidents062_x264_captions_janus_pro.npy,RoadAccidents
../VAD_dataset/UCF-Crimes/UCF_Crimes/sbert_Caption_Features_janus/RoadAccidents063_x264_captions_janus_pro.npy,RoadAccidents
../VAD_dataset/UCF-Crimes/UCF_Crimes/sbert_Caption_Features_janus/RoadAccidents064_x264_captions_janus_pro.npy,RoadAccidents
../VAD_dataset/UCF-Crimes/UCF_Crimes/sbert_Caption_Features_janus/RoadAccidents065_x264_captions_janus_pro.npy,RoadAccidents
../VAD_dataset/UCF-Crimes/UCF_Crimes/sbert_Caption_Features_janus/RoadAccidents066_x264_captions_janus_pro.npy,RoadAccidents
../VAD_dataset/UCF-Crimes/UCF_Crimes/sbert_Caption_Features_janus/RoadAccidents067_x264_captions_janus_pro.npy,RoadAccidents
../VAD_dataset/UCF-Crimes/UCF_Crimes/sbert_Caption_Features_janus/RoadAccidents068_x264_captions_janus_pro.npy,RoadAccidents
../VAD_dataset/UCF-Crimes/UCF_Crimes/sbert_Caption_Features_janus/RoadAccidents069_x264_captions_janus_pro.npy,RoadAccidents
../VAD_dataset/UCF-Crimes/UCF_Crimes/sbert_Caption_Features_janus/RoadAccidents070_x264_captions_janus_pro.npy,RoadAccidents
../VAD_dataset/UCF-Crimes/UCF_Crimes/sbert_Caption_Features_janus/RoadAccidents071_x264_captions_janus_pro.npy,RoadAccidents
../VAD_dataset/UCF-Crimes/UCF_Crimes/sbert_Caption_Features_janus/RoadAccidents072_x264_captions_janus_pro.npy,RoadAccidents
../VAD_dataset/UCF-Crimes/UCF_Crimes/sbert_Caption_Features_janus/RoadAccidents073_x264_captions_janus_pro.npy,RoadAccidents
../VAD_dataset/UCF-Crimes/UCF_Crimes/sbert_Caption_Features_janus/RoadAccidents074_x264_captions_janus_pro.npy,RoadAccidents
../VAD_dataset/UCF-Crimes/UCF_Crimes/sbert_Caption_Features_janus/RoadAccidents075_x264_captions_janus_pro.npy,RoadAccidents
../VAD_dataset/UCF-Crimes/UCF_Crimes/sbert_Caption_Features_janus/RoadAccidents076_x264_captions_janus_pro.npy,RoadAccidents
../VAD_dataset/UCF-Crimes/UCF_Crimes/sbert_Caption_Features_janus/RoadAccidents077_x264_captions_janus_pro.npy,RoadAccidents
../VAD_dataset/UCF-Crimes/UCF_Crimes/sbert_Caption_Features_janus/RoadAccidents078_x264_captions_janus_pro.npy,RoadAccidents
../VAD_dataset/UCF-Crimes/UCF_Crimes/sbert_Caption_Features_janus/RoadAccidents079_x264_captions_janus_pro.npy,RoadAccidents
../VAD_dataset/UCF-Crimes/UCF_Crimes/sbert_Caption_Features_janus/RoadAccidents080_x264_captions_janus_pro.npy,RoadAccidents
../VAD_dataset/UCF-Crimes/UCF_Crimes/sbert_Caption_Features_janus/RoadAccidents081_x264_captions_janus_pro.npy,RoadAccidents
../VAD_dataset/UCF-Crimes/UCF_Crimes/sbert_Caption_Features_janus/RoadAccidents082_x264_captions_janus_pro.npy,RoadAccidents
../VAD_dataset/UCF-Crimes/UCF_Crimes/sbert_Caption_Features_janus/RoadAccidents083_x264_captions_janus_pro.npy,RoadAccidents
../VAD_dataset/UCF-Crimes/UCF_Crimes/sbert_Caption_Features_janus/RoadAccidents084_x264_captions_janus_pro.npy,RoadAccidents
../VAD_dataset/UCF-Crimes/UCF_Crimes/sbert_Caption_Features_janus/RoadAccidents085_x264_captions_janus_pro.npy,RoadAccidents
../VAD_dataset/UCF-Crimes/UCF_Crimes/sbert_Caption_Features_janus/RoadAccidents086_x264_captions_janus_pro.npy,RoadAccidents
../VAD_dataset/UCF-Crimes/UCF_Crimes/sbert_Caption_Features_janus/RoadAccidents087_x264_captions_janus_pro.npy,RoadAccidents
../VAD_dataset/UCF-Crimes/UCF_Crimes/sbert_Caption_Features_janus/RoadAccidents088_x264_captions_janus_pro.npy,RoadAccidents
../VAD_dataset/UCF-Crimes/UCF_Crimes/sbert_Caption_Features_janus/RoadAccidents089_x264_captions_janus_pro.npy,RoadAccidents
../VAD_dataset/UCF-Crimes/UCF_Crimes/sbert_Caption_Features_janus/RoadAccidents090_x264_captions_janus_pro.npy,RoadAccidents
../VAD_dataset/UCF-Crimes/UCF_Crimes/sbert_Caption_Features_janus/RoadAccidents091_x264_captions_janus_pro.npy,RoadAccidents
../VAD_dataset/UCF-Crimes/UCF_Crimes/sbert_Caption_Features_janus/RoadAccidents092_x264_captions_janus_pro.npy,RoadAccidents
../VAD_dataset/UCF-Crimes/UCF_Crimes/sbert_Caption_Features_janus/RoadAccidents093_x264_captions_janus_pro.npy,RoadAccidents
../VAD_dataset/UCF-Crimes/UCF_Crimes/sbert_Caption_Features_janus/RoadAccidents094_x264_captions_janus_pro.npy,RoadAccidents
../VAD_dataset/UCF-Crimes/UCF_Crimes/sbert_Caption_Features_janus/RoadAccidents095_x264_captions_janus_pro.npy,RoadAccidents
../VAD_dataset/UCF-Crimes/UCF_Crimes/sbert_Caption_Features_janus/RoadAccidents096_x264_captions_janus_pro.npy,RoadAccidents
../VAD_dataset/UCF-Crimes/UCF_Crimes/sbert_Caption_Features_janus/RoadAccidents097_x264_captions_janus_pro.npy,RoadAccidents
../VAD_dataset/UCF-Crimes/UCF_Crimes/sbert_Caption_Features_janus/RoadAccidents098_x264_captions_janus_pro.npy,RoadAccidents
../VAD_dataset/UCF-Crimes/UCF_Crimes/sbert_Caption_Features_janus/RoadAccidents099_x264_captions_janus_pro.npy,RoadAccidents
../VAD_dataset/UCF-Crimes/UCF_Crimes/sbert_Caption_Features_janus/RoadAccidents100_x264_captions_janus_pro.npy,RoadAccidents
../VAD_dataset/UCF-Crimes/UCF_Crimes/sbert_Caption_Features_janus/RoadAccidents101_x264_captions_janus_pro.npy,RoadAccidents
../VAD_dataset/UCF-Crimes/UCF_Crimes/sbert_Caption_Features_janus/RoadAccidents102_x264_captions_janus_pro.npy,RoadAccidents
../VAD_dataset/UCF-Crimes/UCF_Crimes/sbert_Caption_Features_janus/RoadAccidents103_x264_captions_janus_pro.npy,RoadAccidents
../VAD_dataset/UCF-Crimes/UCF_Crimes/sbert_Caption_Features_janus/RoadAccidents104_x264_captions_janus_pro.npy,RoadAccidents
../VAD_dataset/UCF-Crimes/UCF_Crimes/sbert_Caption_Features_janus/RoadAccidents105_x264_captions_janus_pro.npy,RoadAccidents
../VAD_dataset/UCF-Crimes/UCF_Crimes/sbert_Caption_Features_janus/RoadAccidents106_x264_captions_janus_pro.npy,RoadAccidents
../VAD_dataset/UCF-Crimes/UCF_Crimes/sbert_Caption_Features_janus/RoadAccidents107_x264_captions_janus_pro.npy,RoadAccidents
../VAD_dataset/UCF-Crimes/UCF_Crimes/sbert_Caption_Features_janus/RoadAccidents108_x264_captions_janus_pro.npy,RoadAccidents
../VAD_dataset/UCF-Crimes/UCF_Crimes/sbert_Caption_Features_janus/RoadAccidents109_x264_captions_janus_pro.npy,RoadAccidents
../VAD_dataset/UCF-Crimes/UCF_Crimes/sbert_Caption_Features_janus/RoadAccidents110_x264_captions_janus_pro.npy,RoadAccidents
../VAD_dataset/UCF-Crimes/UCF_Crimes/sbert_Caption_Features_janus/RoadAccidents111_x264_captions_janus_pro.npy,RoadAccidents
../VAD_dataset/UCF-Crimes/UCF_Crimes/sbert_Caption_Features_janus/RoadAccidents112_x264_captions_janus_pro.npy,RoadAccidents
../VAD_dataset/UCF-Crimes/UCF_Crimes/sbert_Caption_Features_janus/RoadAccidents113_x264_captions_janus_pro.npy,RoadAccidents
../VAD_dataset/UCF-Crimes/UCF_Crimes/sbert_Caption_Features_janus/RoadAccidents114_x264_captions_janus_pro.npy,RoadAccidents
../VAD_dataset/UCF-Crimes/UCF_Crimes/sbert_Caption_Features_janus/RoadAccidents115_x264_captions_janus_pro.npy,RoadAccidents
../VAD_dataset/UCF-Crimes/UCF_Crimes/sbert_Caption_Features_janus/RoadAccidents116_x264_captions_janus_pro.npy,RoadAccidents
../VAD_dataset/UCF-Crimes/UCF_Crimes/sbert_Caption_Features_janus/RoadAccidents117_x264_captions_janus_pro.npy,RoadAccidents
../VAD_dataset/UCF-Crimes/UCF_Crimes/sbert_Caption_Features_janus/RoadAccidents118_x264_captions_janus_pro.npy,RoadAccidents
../VAD_dataset/UCF-Crimes/UCF_Crimes/sbert_Caption_Features_janus/RoadAccidents119_x264_captions_janus_pro.npy,RoadAccidents
../VAD_dataset/UCF-Crimes/UCF_Crimes/sbert_Caption_Features_janus/RoadAccidents120_x264_captions_janus_pro.npy,RoadAccidents
../VAD_dataset/UCF-Crimes/UCF_Crimes/sbert_Caption_Features_janus/RoadAccidents126_x264_captions_janus_pro.npy,RoadAccidents
../VAD_dataset/UCF-Crimes/UCF_Crimes/sbert_Caption_Features_janus/RoadAccidents129_x264_captions_janus_pro.npy,RoadAccidents
../VAD_dataset/UCF-Crimes/UCF_Crimes/sbert_Caption_Features_janus/RoadAccidents130_x264_captions_janus_pro.npy,RoadAccidents
../VAD_dataset/UCF-Crimes/UCF_Crimes/sbert_Caption_Features_janus/RoadAccidents134_x264_captions_janus_pro.npy,RoadAccidents
../VAD_dataset/UCF-Crimes/UCF_Crimes/sbert_Caption_Features_janus/RoadAccidents135_x264_captions_janus_pro.npy,RoadAccidents
../VAD_dataset/UCF-Crimes/UCF_Crimes/sbert_Caption_Features_janus/RoadAccidents136_x264_captions_janus_pro.npy,RoadAccidents
../VAD_dataset/UCF-Crimes/UCF_Crimes/sbert_Caption_Features_janus/RoadAccidents137_x264_captions_janus_pro.npy,RoadAccidents
../VAD_dataset/UCF-Crimes/UCF_Crimes/sbert_Caption_Features_janus/RoadAccidents138_x264_captions_janus_pro.npy,RoadAccidents
../VAD_dataset/UCF-Crimes/UCF_Crimes/sbert_Caption_Features_janus/RoadAccidents139_x264_captions_janus_pro.npy,RoadAccidents
../VAD_dataset/UCF-Crimes/UCF_Crimes/sbert_Caption_Features_janus/RoadAccidents140_x264_captions_janus_pro.npy,RoadAccidents
../VAD_dataset/UCF-Crimes/UCF_Crimes/sbert_Caption_Features_janus/RoadAccidents141_x264_captions_janus_pro.npy,RoadAccidents
../VAD_dataset/UCF-Crimes/UCF_Crimes/sbert_Caption_Features_janus/RoadAccidents142_x264_captions_janus_pro.npy,RoadAccidents
../VAD_dataset/UCF-Crimes/UCF_Crimes/sbert_Caption_Features_janus/RoadAccidents143_x264_captions_janus_pro.npy,RoadAccidents
../VAD_dataset/UCF-Crimes/UCF_Crimes/sbert_Caption_Features_janus/RoadAccidents144_x264_captions_janus_pro.npy,RoadAccidents
../VAD_dataset/UCF-Crimes/UCF_Crimes/sbert_Caption_Features_janus/RoadAccidents145_x264_captions_janus_pro.npy,RoadAccidents
../VAD_dataset/UCF-Crimes/UCF_Crimes/sbert_Caption_Features_janus/RoadAccidents146_x264_captions_janus_pro.npy,RoadAccidents
../VAD_dataset/UCF-Crimes/UCF_Crimes/sbert_Caption_Features_janus/RoadAccidents147_x264_captions_janus_pro.npy,RoadAccidents
../VAD_dataset/UCF-Crimes/UCF_Crimes/sbert_Caption_Features_janus/RoadAccidents148_x264_captions_janus_pro.npy,RoadAccidents
../VAD_dataset/UCF-Crimes/UCF_Crimes/sbert_Caption_Features_janus/RoadAccidents149_x264_captions_janus_pro.npy,RoadAccidents
../VAD_dataset/UCF-Crimes/UCF_Crimes/sbert_Caption_Features_janus/RoadAccidents150_x264_captions_janus_pro.npy,RoadAccidents
../VAD_dataset/UCF-Crimes/UCF_Crimes/sbert_Caption_Features_janus/RoadAccidents151_x264_captions_janus_pro.npy,RoadAccidents
../VAD_dataset/UCF-Crimes/UCF_Crimes/sbert_Caption_Features_janus/Robbery001_x264_captions_janus_pro.npy,Robbery
../VAD_dataset/UCF-Crimes/UCF_Crimes/sbert_Caption_Features_janus/Robbery002_x264_captions_janus_pro.npy,Robbery
../VAD_dataset/UCF-Crimes/UCF_Crimes/sbert_Caption_Features_janus/Robbery003_x264_captions_janus_pro.npy,Robbery
../VAD_dataset/UCF-Crimes/UCF_Crimes/sbert_Caption_Features_janus/Robbery004_x264_captions_janus_pro.npy,Robbery
../VAD_dataset/UCF-Crimes/UCF_Crimes/sbert_Caption_Features_janus/Robbery005_x264_captions_janus_pro.npy,Robbery
../VAD_dataset/UCF-Crimes/UCF_Crimes/sbert_Caption_Features_janus/Robbery006_x264_captions_janus_pro.npy,Robbery
../VAD_dataset/UCF-Crimes/UCF_Crimes/sbert_Caption_Features_janus/Robbery007_x264_captions_janus_pro.npy,Robbery
../VAD_dataset/UCF-Crimes/UCF_Crimes/sbert_Caption_Features_janus/Robbery008_x264_captions_janus_pro.npy,Robbery
../VAD_dataset/UCF-Crimes/UCF_Crimes/sbert_Caption_Features_janus/Robbery009_x264_captions_janus_pro.npy,Robbery
../VAD_dataset/UCF-Crimes/UCF_Crimes/sbert_Caption_Features_janus/Robbery010_x264_captions_janus_pro.npy,Robbery
../VAD_dataset/UCF-Crimes/UCF_Crimes/sbert_Caption_Features_janus/Robbery011_x264_captions_janus_pro.npy,Robbery
../VAD_dataset/UCF-Crimes/UCF_Crimes/sbert_Caption_Features_janus/Robbery012_x264_captions_janus_pro.npy,Robbery
../VAD_dataset/UCF-Crimes/UCF_Crimes/sbert_Caption_Features_janus/Robbery013_x264_captions_janus_pro.npy,Robbery
../VAD_dataset/UCF-Crimes/UCF_Crimes/sbert_Caption_Features_janus/Robbery014_x264_captions_janus_pro.npy,Robbery
../VAD_dataset/UCF-Crimes/UCF_Crimes/sbert_Caption_Features_janus/Robbery015_x264_captions_janus_pro.npy,Robbery
../VAD_dataset/UCF-Crimes/UCF_Crimes/sbert_Caption_Features_janus/Robbery016_x264_captions_janus_pro.npy,Robbery
../VAD_dataset/UCF-Crimes/UCF_Crimes/sbert_Caption_Features_janus/Robbery017_x264_captions_janus_pro.npy,Robbery
../VAD_dataset/UCF-Crimes/UCF_Crimes/sbert_Caption_Features_janus/Robbery018_x264_captions_janus_pro.npy,Robbery
../VAD_dataset/UCF-Crimes/UCF_Crimes/sbert_Caption_Features_janus/Robbery019_x264_captions_janus_pro.npy,Robbery
../VAD_dataset/UCF-Crimes/UCF_Crimes/sbert_Caption_Features_janus/Robbery020_x264_captions_janus_pro.npy,Robbery
../VAD_dataset/UCF-Crimes/UCF_Crimes/sbert_Caption_Features_janus/Robbery021_x264_captions_janus_pro.npy,Robbery
../VAD_dataset/UCF-Crimes/UCF_Crimes/sbert_Caption_Features_janus/Robbery022_x264_captions_janus_pro.npy,Robbery
../VAD_dataset/UCF-Crimes/UCF_Crimes/sbert_Caption_Features_janus/Robbery023_x264_captions_janus_pro.npy,Robbery
../VAD_dataset/UCF-Crimes/UCF_Crimes/sbert_Caption_Features_janus/Robbery024_x264_captions_janus_pro.npy,Robbery
../VAD_dataset/UCF-Crimes/UCF_Crimes/sbert_Caption_Features_janus/Robbery025_x264_captions_janus_pro.npy,Robbery
../VAD_dataset/UCF-Crimes/UCF_Crimes/sbert_Caption_Features_janus/Robbery026_x264_captions_janus_pro.npy,Robbery
../VAD_dataset/UCF-Crimes/UCF_Crimes/sbert_Caption_Features_janus/Robbery027_x264_captions_janus_pro.npy,Robbery
../VAD_dataset/UCF-Crimes/UCF_Crimes/sbert_Caption_Features_janus/Robbery028_x264_captions_janus_pro.npy,Robbery
../VAD_dataset/UCF-Crimes/UCF_Crimes/sbert_Caption_Features_janus/Robbery029_x264_captions_janus_pro.npy,Robbery
../VAD_dataset/UCF-Crimes/UCF_Crimes/sbert_Caption_Features_janus/Robbery030_x264_captions_janus_pro.npy,Robbery
../VAD_dataset/UCF-Crimes/UCF_Crimes/sbert_Caption_Features_janus/Robbery031_x264_captions_janus_pro.npy,Robbery
../VAD_dataset/UCF-Crimes/UCF_Crimes/sbert_Caption_Features_janus/Robbery032_x264_captions_janus_pro.npy,Robbery
../VAD_dataset/UCF-Crimes/UCF_Crimes/sbert_Caption_Features_janus/Robbery033_x264_captions_janus_pro.npy,Robbery
../VAD_dataset/UCF-Crimes/UCF_Crimes/sbert_Caption_Features_janus/Robbery034_x264_captions_janus_pro.npy,Robbery
../VAD_dataset/UCF-Crimes/UCF_Crimes/sbert_Caption_Features_janus/Robbery035_x264_captions_janus_pro.npy,Robbery
../VAD_dataset/UCF-Crimes/UCF_Crimes/sbert_Caption_Features_janus/Robbery036_x264_captions_janus_pro.npy,Robbery
../VAD_dataset/UCF-Crimes/UCF_Crimes/sbert_Caption_Features_janus/Robbery037_x264_captions_janus_pro.npy,Robbery
../VAD_dataset/UCF-Crimes/UCF_Crimes/sbert_Caption_Features_janus/Robbery038_x264_captions_janus_pro.npy,Robbery
../VAD_dataset/UCF-Crimes/UCF_Crimes/sbert_Caption_Features_janus/Robbery039_x264_captions_janus_pro.npy,Robbery
../VAD_dataset/UCF-Crimes/UCF_Crimes/sbert_Caption_Features_janus/Robbery040_x264_captions_janus_pro.npy,Robbery
../VAD_dataset/UCF-Crimes/UCF_Crimes/sbert_Caption_Features_janus/Robbery041_x264_captions_janus_pro.npy,Robbery
../VAD_dataset/UCF-Crimes/UCF_Crimes/sbert_Caption_Features_janus/Robbery042_x264_captions_janus_pro.npy,Robbery
../VAD_dataset/UCF-Crimes/UCF_Crimes/sbert_Caption_Features_janus/Robbery043_x264_captions_janus_pro.npy,Robbery
../VAD_dataset/UCF-Crimes/UCF_Crimes/sbert_Caption_Features_janus/Robbery044_x264_captions_janus_pro.npy,Robbery
../VAD_dataset/UCF-Crimes/UCF_Crimes/sbert_Caption_Features_janus/Robbery045_x264_captions_janus_pro.npy,Robbery
../VAD_dataset/UCF-Crimes/UCF_Crimes/sbert_Caption_Features_janus/Robbery046_x264_captions_janus_pro.npy,Robbery
../VAD_dataset/UCF-Crimes/UCF_Crimes/sbert_Caption_Features_janus/Robbery047_x264_captions_janus_pro.npy,Robbery
../VAD_dataset/UCF-Crimes/UCF_Crimes/sbert_Caption_Features_janus/Robbery049_x264_captions_janus_pro.npy,Robbery
../VAD_dataset/UCF-Crimes/UCF_Crimes/sbert_Caption_Features_janus/Robbery051_x264_captions_janus_pro.npy,Robbery
../VAD_dataset/UCF-Crimes/UCF_Crimes/sbert_Caption_Features_janus/Robbery052_x264_captions_janus_pro.npy,Robbery
../VAD_dataset/UCF-Crimes/UCF_Crimes/sbert_Caption_Features_janus/Robbery053_x264_captions_janus_pro.npy,Robbery
../VAD_dataset/UCF-Crimes/UCF_Crimes/sbert_Caption_Features_janus/Robbery054_x264_captions_janus_pro.npy,Robbery
../VAD_dataset/UCF-Crimes/UCF_Crimes/sbert_Caption_Features_janus/Robbery055_x264_captions_janus_pro.npy,Robbery
../VAD_dataset/UCF-Crimes/UCF_Crimes/sbert_Caption_Features_janus/Robbery056_x264_captions_janus_pro.npy,Robbery
../VAD_dataset/UCF-Crimes/UCF_Crimes/sbert_Caption_Features_janus/Robbery057_x264_captions_janus_pro.npy,Robbery
../VAD_dataset/UCF-Crimes/UCF_Crimes/sbert_Caption_Features_janus/Robbery058_x264_captions_janus_pro.npy,Robbery
../VAD_dataset/UCF-Crimes/UCF_Crimes/sbert_Caption_Features_janus/Robbery059_x264_captions_janus_pro.npy,Robbery
../VAD_dataset/UCF-Crimes/UCF_Crimes/sbert_Caption_Features_janus/Robbery060_x264_captions_janus_pro.npy,Robbery
../VAD_dataset/UCF-Crimes/UCF_Crimes/sbert_Caption_Features_janus/Robbery061_x264_captions_janus_pro.npy,Robbery
../VAD_dataset/UCF-Crimes/UCF_Crimes/sbert_Caption_Features_janus/Robbery062_x264_captions_janus_pro.npy,Robbery
../VAD_dataset/UCF-Crimes/UCF_Crimes/sbert_Caption_Features_janus/Robbery063_x264_captions_janus_pro.npy,Robbery
../VAD_dataset/UCF-Crimes/UCF_Crimes/sbert_Caption_Features_janus/Robbery064_x264_captions_janus_pro.npy,Robbery
../VAD_dataset/UCF-Crimes/UCF_Crimes/sbert_Caption_Features_janus/Robbery065_x264_captions_janus_pro.npy,Robbery
../VAD_dataset/UCF-Crimes/UCF_Crimes/sbert_Caption_Features_janus/Robbery066_x264_captions_janus_pro.npy,Robbery
../VAD_dataset/UCF-Crimes/UCF_Crimes/sbert_Caption_Features_janus/Robbery067_x264_captions_janus_pro.npy,Robbery
../VAD_dataset/UCF-Crimes/UCF_Crimes/sbert_Caption_Features_janus/Robbery068_x264_captions_janus_pro.npy,Robbery
../VAD_dataset/UCF-Crimes/UCF_Crimes/sbert_Caption_Features_janus/Robbery069_x264_captions_janus_pro.npy,Robbery
../VAD_dataset/UCF-Crimes/UCF_Crimes/sbert_Caption_Features_janus/Robbery070_x264_captions_janus_pro.npy,Robbery
../VAD_dataset/UCF-Crimes/UCF_Crimes/sbert_Caption_Features_janus/Robbery071_x264_captions_janus_pro.npy,Robbery
../VAD_dataset/UCF-Crimes/UCF_Crimes/sbert_Caption_Features_janus/Robbery072_x264_captions_janus_pro.npy,Robbery
../VAD_dataset/UCF-Crimes/UCF_Crimes/sbert_Caption_Features_janus/Robbery073_x264_captions_janus_pro.npy,Robbery
../VAD_dataset/UCF-Crimes/UCF_Crimes/sbert_Caption_Features_janus/Robbery074_x264_captions_janus_pro.npy,Robbery
../VAD_dataset/UCF-Crimes/UCF_Crimes/sbert_Caption_Features_janus/Robbery075_x264_captions_janus_pro.npy,Robbery
../VAD_dataset/UCF-Crimes/UCF_Crimes/sbert_Caption_Features_janus/Robbery076_x264_captions_janus_pro.npy,Robbery
../VAD_dataset/UCF-Crimes/UCF_Crimes/sbert_Caption_Features_janus/Robbery077_x264_captions_janus_pro.npy,Robbery
../VAD_dataset/UCF-Crimes/UCF_Crimes/sbert_Caption_Features_janus/Robbery078_x264_captions_janus_pro.npy,Robbery
../VAD_dataset/UCF-Crimes/UCF_Crimes/sbert_Caption_Features_janus/Robbery079_x264_captions_janus_pro.npy,Robbery
../VAD_dataset/UCF-Crimes/UCF_Crimes/sbert_Caption_Features_janus/Robbery080_x264_captions_janus_pro.npy,Robbery
../VAD_dataset/UCF-Crimes/UCF_Crimes/sbert_Caption_Features_janus/Robbery081_x264_captions_janus_pro.npy,Robbery
../VAD_dataset/UCF-Crimes/UCF_Crimes/sbert_Caption_Features_janus/Robbery082_x264_captions_janus_pro.npy,Robbery
../VAD_dataset/UCF-Crimes/UCF_Crimes/sbert_Caption_Features_janus/Robbery083_x264_captions_janus_pro.npy,Robbery
../VAD_dataset/UCF-Crimes/UCF_Crimes/sbert_Caption_Features_janus/Robbery084_x264_captions_janus_pro.npy,Robbery
../VAD_dataset/UCF-Crimes/UCF_Crimes/sbert_Caption_Features_janus/Robbery085_x264_captions_janus_pro.npy,Robbery
../VAD_dataset/UCF-Crimes/UCF_Crimes/sbert_Caption_Features_janus/Robbery086_x264_captions_janus_pro.npy,Robbery
../VAD_dataset/UCF-Crimes/UCF_Crimes/sbert_Caption_Features_janus/Robbery087_x264_captions_janus_pro.npy,Robbery
../VAD_dataset/UCF-Crimes/UCF_Crimes/sbert_Caption_Features_janus/Robbery088_x264_captions_janus_pro.npy,Robbery
../VAD_dataset/UCF-Crimes/UCF_Crimes/sbert_Caption_Features_janus/Robbery089_x264_captions_janus_pro.npy,Robbery
../VAD_dataset/UCF-Crimes/UCF_Crimes/sbert_Caption_Features_janus/Robbery090_x264_captions_janus_pro.npy,Robbery
../VAD_dataset/UCF-Crimes/UCF_Crimes/sbert_Caption_Features_janus/Robbery091_x264_captions_janus_pro.npy,Robbery
../VAD_dataset/UCF-Crimes/UCF_Crimes/sbert_Caption_Features_janus/Robbery092_x264_captions_janus_pro.npy,Robbery
../VAD_dataset/UCF-Crimes/UCF_Crimes/sbert_Caption_Features_janus/Robbery093_x264_captions_janus_pro.npy,Robbery
../VAD_dataset/UCF-Crimes/UCF_Crimes/sbert_Caption_Features_janus/Robbery094_x264_captions_janus_pro.npy,Robbery
../VAD_dataset/UCF-Crimes/UCF_Crimes/sbert_Caption_Features_janus/Robbery095_x264_captions_janus_pro.npy,Robbery
../VAD_dataset/UCF-Crimes/UCF_Crimes/sbert_Caption_Features_janus/Robbery096_x264_captions_janus_pro.npy,Robbery
../VAD_dataset/UCF-Crimes/UCF_Crimes/sbert_Caption_Features_janus/Robbery097_x264_captions_janus_pro.npy,Robbery
../VAD_dataset/UCF-Crimes/UCF_Crimes/sbert_Caption_Features_janus/Robbery098_x264_captions_janus_pro.npy,Robbery
../VAD_dataset/UCF-Crimes/UCF_Crimes/sbert_Caption_Features_janus/Robbery099_x264_captions_janus_pro.npy,Robbery
../VAD_dataset/UCF-Crimes/UCF_Crimes/sbert_Caption_Features_janus/Robbery100_x264_captions_janus_pro.npy,Robbery
../VAD_dataset/UCF-Crimes/UCF_Crimes/sbert_Caption_Features_janus/Robbery101_x264_captions_janus_pro.npy,Robbery
../VAD_dataset/UCF-Crimes/UCF_Crimes/sbert_Caption_Features_janus/Robbery103_x264_captions_janus_pro.npy,Robbery
../VAD_dataset/UCF-Crimes/UCF_Crimes/sbert_Caption_Features_janus/Robbery104_x264_captions_janus_pro.npy,Robbery
../VAD_dataset/UCF-Crimes/UCF_Crimes/sbert_Caption_Features_janus/Robbery105_x264_captions_janus_pro.npy,Robbery
../VAD_dataset/UCF-Crimes/UCF_Crimes/sbert_Caption_Features_janus/Robbery107_x264_captions_janus_pro.npy,Robbery
../VAD_dataset/UCF-Crimes/UCF_Crimes/sbert_Caption_Features_janus/Robbery108_x264_captions_janus_pro.npy,Robbery
../VAD_dataset/UCF-Crimes/UCF_Crimes/sbert_Caption_Features_janus/Robbery109_x264_captions_janus_pro.npy,Robbery
../VAD_dataset/UCF-Crimes/UCF_Crimes/sbert_Caption_Features_janus/Robbery110_x264_captions_janus_pro.npy,Robbery
../VAD_dataset/UCF-Crimes/UCF_Crimes/sbert_Caption_Features_janus/Robbery111_x264_captions_janus_pro.npy,Robbery
../VAD_dataset/UCF-Crimes/UCF_Crimes/sbert_Caption_Features_janus/Robbery112_x264_captions_janus_pro.npy,Robbery
../VAD_dataset/UCF-Crimes/UCF_Crimes/sbert_Caption_Features_janus/Robbery113_x264_captions_janus_pro.npy,Robbery
../VAD_dataset/UCF-Crimes/UCF_Crimes/sbert_Caption_Features_janus/Robbery114_x264_captions_janus_pro.npy,Robbery
../VAD_dataset/UCF-Crimes/UCF_Crimes/sbert_Caption_Features_janus/Robbery115_x264_captions_janus_pro.npy,Robbery
../VAD_dataset/UCF-Crimes/UCF_Crimes/sbert_Caption_Features_janus/Robbery116_x264_captions_janus_pro.npy,Robbery
../VAD_dataset/UCF-Crimes/UCF_Crimes/sbert_Caption_Features_janus/Robbery117_x264_captions_janus_pro.npy,Robbery
../VAD_dataset/UCF-Crimes/UCF_Crimes/sbert_Caption_Features_janus/Robbery118_x264_captions_janus_pro.npy,Robbery
../VAD_dataset/UCF-Crimes/UCF_Crimes/sbert_Caption_Features_janus/Robbery119_x264_captions_janus_pro.npy,Robbery
../VAD_dataset/UCF-Crimes/UCF_Crimes/sbert_Caption_Features_janus/Robbery120_x264_captions_janus_pro.npy,Robbery
../VAD_dataset/UCF-Crimes/UCF_Crimes/sbert_Caption_Features_janus/Robbery121_x264_captions_janus_pro.npy,Robbery
../VAD_dataset/UCF-Crimes/UCF_Crimes/sbert_Caption_Features_janus/Robbery122_x264_captions_janus_pro.npy,Robbery
../VAD_dataset/UCF-Crimes/UCF_Crimes/sbert_Caption_Features_janus/Robbery123_x264_captions_janus_pro.npy,Robbery
../VAD_dataset/UCF-Crimes/UCF_Crimes/sbert_Caption_Features_janus/Robbery124_x264_captions_janus_pro.npy,Robbery
../VAD_dataset/UCF-Crimes/UCF_Crimes/sbert_Caption_Features_janus/Robbery125_x264_captions_janus_pro.npy,Robbery
../VAD_dataset/UCF-Crimes/UCF_Crimes/sbert_Caption_Features_janus/Robbery126_x264_captions_janus_pro.npy,Robbery
../VAD_dataset/UCF-Crimes/UCF_Crimes/sbert_Caption_Features_janus/Robbery127_x264_captions_janus_pro.npy,Robbery
../VAD_dataset/UCF-Crimes/UCF_Crimes/sbert_Caption_Features_janus/Robbery128_x264_captions_janus_pro.npy,Robbery
../VAD_dataset/UCF-Crimes/UCF_Crimes/sbert_Caption_Features_janus/Robbery129_x264_captions_janus_pro.npy,Robbery
../VAD_dataset/UCF-Crimes/UCF_Crimes/sbert_Caption_Features_janus/Robbery130_x264_captions_janus_pro.npy,Robbery
../VAD_dataset/UCF-Crimes/UCF_Crimes/sbert_Caption_Features_janus/Robbery131_x264_captions_janus_pro.npy,Robbery
../VAD_dataset/UCF-Crimes/UCF_Crimes/sbert_Caption_Features_janus/Robbery132_x264_captions_janus_pro.npy,Robbery
../VAD_dataset/UCF-Crimes/UCF_Crimes/sbert_Caption_Features_janus/Robbery133_x264_captions_janus_pro.npy,Robbery
../VAD_dataset/UCF-Crimes/UCF_Crimes/sbert_Caption_Features_janus/Robbery134_x264_captions_janus_pro.npy,Robbery
../VAD_dataset/UCF-Crimes/UCF_Crimes/sbert_Caption_Features_janus/Robbery135_x264_captions_janus_pro.npy,Robbery
../VAD_dataset/UCF-Crimes/UCF_Crimes/sbert_Caption_Features_janus/Robbery136_x264_captions_janus_pro.npy,Robbery
../VAD_dataset/UCF-Crimes/UCF_Crimes/sbert_Caption_Features_janus/Robbery138_x264_captions_janus_pro.npy,Robbery
../VAD_dataset/UCF-Crimes/UCF_Crimes/sbert_Caption_Features_janus/Robbery139_x264_captions_janus_pro.npy,Robbery
../VAD_dataset/UCF-Crimes/UCF_Crimes/sbert_Caption_Features_janus/Robbery140_x264_captions_janus_pro.npy,Robbery
../VAD_dataset/UCF-Crimes/UCF_Crimes/sbert_Caption_Features_janus/Robbery141_x264_captions_janus_pro.npy,Robbery
../VAD_dataset/UCF-Crimes/UCF_Crimes/sbert_Caption_Features_janus/Robbery142_x264_captions_janus_pro.npy,Robbery
../VAD_dataset/UCF-Crimes/UCF_Crimes/sbert_Caption_Features_janus/Robbery143_x264_captions_janus_pro.npy,Robbery
../VAD_dataset/UCF-Crimes/UCF_Crimes/sbert_Caption_Features_janus/Robbery144_x264_captions_janus_pro.npy,Robbery
../VAD_dataset/UCF-Crimes/UCF_Crimes/sbert_Caption_Features_janus/Robbery145_x264_captions_janus_pro.npy,Robbery
../VAD_dataset/UCF-Crimes/UCF_Crimes/sbert_Caption_Features_janus/Robbery146_x264_captions_janus_pro.npy,Robbery
../VAD_dataset/UCF-Crimes/UCF_Crimes/sbert_Caption_Features_janus/Robbery147_x264_captions_janus_pro.npy,Robbery
../VAD_dataset/UCF-Crimes/UCF_Crimes/sbert_Caption_Features_janus/Robbery148_x264_captions_janus_pro.npy,Robbery
../VAD_dataset/UCF-Crimes/UCF_Crimes/sbert_Caption_Features_janus/Robbery149_x264_captions_janus_pro.npy,Robbery
../VAD_dataset/UCF-Crimes/UCF_Crimes/sbert_Caption_Features_janus/Robbery150_x264_captions_janus_pro.npy,Robbery
../VAD_dataset/UCF-Crimes/UCF_Crimes/sbert_Caption_Features_janus/Shooting001_x264_captions_janus_pro.npy,Shooting
../VAD_dataset/UCF-Crimes/UCF_Crimes/sbert_Caption_Features_janus/Shooting003_x264_captions_janus_pro.npy,Shooting
../VAD_dataset/UCF-Crimes/UCF_Crimes/sbert_Caption_Features_janus/Shooting005_x264_captions_janus_pro.npy,Shooting
../VAD_dataset/UCF-Crimes/UCF_Crimes/sbert_Caption_Features_janus/Shooting006_x264_captions_janus_pro.npy,Shooting
../VAD_dataset/UCF-Crimes/UCF_Crimes/sbert_Caption_Features_janus/Shooting009_x264_captions_janus_pro.npy,Shooting
../VAD_dataset/UCF-Crimes/UCF_Crimes/sbert_Caption_Features_janus/Shooting012_x264_captions_janus_pro.npy,Shooting
../VAD_dataset/UCF-Crimes/UCF_Crimes/sbert_Caption_Features_janus/Shooting014_x264_captions_janus_pro.npy,Shooting
../VAD_dataset/UCF-Crimes/UCF_Crimes/sbert_Caption_Features_janus/Shooting017_x264_captions_janus_pro.npy,Shooting
../VAD_dataset/UCF-Crimes/UCF_Crimes/sbert_Caption_Features_janus/Shooting020_x264_captions_janus_pro.npy,Shooting
../VAD_dataset/UCF-Crimes/UCF_Crimes/sbert_Caption_Features_janus/Shooting023_x264_captions_janus_pro.npy,Shooting
../VAD_dataset/UCF-Crimes/UCF_Crimes/sbert_Caption_Features_janus/Shooting025_x264_captions_janus_pro.npy,Shooting
../VAD_dataset/UCF-Crimes/UCF_Crimes/sbert_Caption_Features_janus/Shooting027_x264_captions_janus_pro.npy,Shooting
../VAD_dataset/UCF-Crimes/UCF_Crimes/sbert_Caption_Features_janus/Shooting029_x264_captions_janus_pro.npy,Shooting
../VAD_dataset/UCF-Crimes/UCF_Crimes/sbert_Caption_Features_janus/Shooting030_x264_captions_janus_pro.npy,Shooting
../VAD_dataset/UCF-Crimes/UCF_Crimes/sbert_Caption_Features_janus/Shooting031_x264_captions_janus_pro.npy,Shooting
../VAD_dataset/UCF-Crimes/UCF_Crimes/sbert_Caption_Features_janus/Shooting036_x264_captions_janus_pro.npy,Shooting
../VAD_dataset/UCF-Crimes/UCF_Crimes/sbert_Caption_Features_janus/Shooting038_x264_captions_janus_pro.npy,Shooting
../VAD_dataset/UCF-Crimes/UCF_Crimes/sbert_Caption_Features_janus/Shooting039_x264_captions_janus_pro.npy,Shooting
../VAD_dataset/UCF-Crimes/UCF_Crimes/sbert_Caption_Features_janus/Shooting040_x264_captions_janus_pro.npy,Shooting
../VAD_dataset/UCF-Crimes/UCF_Crimes/sbert_Caption_Features_janus/Shooting041_x264_captions_janus_pro.npy,Shooting
../VAD_dataset/UCF-Crimes/UCF_Crimes/sbert_Caption_Features_janus/Shooting042_x264_captions_janus_pro.npy,Shooting
../VAD_dataset/UCF-Crimes/UCF_Crimes/sbert_Caption_Features_janus/Shooting044_x264_captions_janus_pro.npy,Shooting
../VAD_dataset/UCF-Crimes/UCF_Crimes/sbert_Caption_Features_janus/Shooting050_x264_captions_janus_pro.npy,Shooting
../VAD_dataset/UCF-Crimes/UCF_Crimes/sbert_Caption_Features_janus/Shooting051_x264_captions_janus_pro.npy,Shooting
../VAD_dataset/UCF-Crimes/UCF_Crimes/sbert_Caption_Features_janus/Shooting052_x264_captions_janus_pro.npy,Shooting
../VAD_dataset/UCF-Crimes/UCF_Crimes/sbert_Caption_Features_janus/Shooting053_x264_captions_janus_pro.npy,Shooting
../VAD_dataset/UCF-Crimes/UCF_Crimes/sbert_Caption_Features_janus/Shooting054_x264_captions_janus_pro.npy,Shooting
../VAD_dataset/UCF-Crimes/UCF_Crimes/sbert_Caption_Features_janus/Shoplifting003_x264_captions_janus_pro.npy,Shoplifting
../VAD_dataset/UCF-Crimes/UCF_Crimes/sbert_Caption_Features_janus/Shoplifting006_x264_captions_janus_pro.npy,Shoplifting
../VAD_dataset/UCF-Crimes/UCF_Crimes/sbert_Caption_Features_janus/Shoplifting008_x264_captions_janus_pro.npy,Shoplifting
../VAD_dataset/UCF-Crimes/UCF_Crimes/sbert_Caption_Features_janus/Shoplifting009_x264_captions_janus_pro.npy,Shoplifting
../VAD_dataset/UCF-Crimes/UCF_Crimes/sbert_Caption_Features_janus/Shoplifting012_x264_captions_janus_pro.npy,Shoplifting
../VAD_dataset/UCF-Crimes/UCF_Crimes/sbert_Caption_Features_janus/Shoplifting013_x264_captions_janus_pro.npy,Shoplifting
../VAD_dataset/UCF-Crimes/UCF_Crimes/sbert_Caption_Features_janus/Shoplifting014_x264_captions_janus_pro.npy,Shoplifting
../VAD_dataset/UCF-Crimes/UCF_Crimes/sbert_Caption_Features_janus/Shoplifting018_x264_captions_janus_pro.npy,Shoplifting
../VAD_dataset/UCF-Crimes/UCF_Crimes/sbert_Caption_Features_janus/Shoplifting019_x264_captions_janus_pro.npy,Shoplifting
../VAD_dataset/UCF-Crimes/UCF_Crimes/sbert_Caption_Features_janus/Shoplifting024_x264_captions_janus_pro.npy,Shoplifting
../VAD_dataset/UCF-Crimes/UCF_Crimes/sbert_Caption_Features_janus/Shoplifting025_x264_captions_janus_pro.npy,Shoplifting
../VAD_dataset/UCF-Crimes/UCF_Crimes/sbert_Caption_Features_janus/Shoplifting026_x264_captions_janus_pro.npy,Shoplifting
../VAD_dataset/UCF-Crimes/UCF_Crimes/sbert_Caption_Features_janus/Shoplifting030_x264_captions_janus_pro.npy,Shoplifting
../VAD_dataset/UCF-Crimes/UCF_Crimes/sbert_Caption_Features_janus/Shoplifting032_x264_captions_janus_pro.npy,Shoplifting
../VAD_dataset/UCF-Crimes/UCF_Crimes/sbert_Caption_Features_janus/Shoplifting036_x264_captions_janus_pro.npy,Shoplifting
../VAD_dataset/UCF-Crimes/UCF_Crimes/sbert_Caption_Features_janus/Shoplifting038_x264_captions_janus_pro.npy,Shoplifting
../VAD_dataset/UCF-Crimes/UCF_Crimes/sbert_Caption_Features_janus/Shoplifting040_x264_captions_janus_pro.npy,Shoplifting
../VAD_dataset/UCF-Crimes/UCF_Crimes/sbert_Caption_Features_janus/Shoplifting041_x264_captions_janus_pro.npy,Shoplifting
../VAD_dataset/UCF-Crimes/UCF_Crimes/sbert_Caption_Features_janus/Shoplifting042_x264_captions_janus_pro.npy,Shoplifting
../VAD_dataset/UCF-Crimes/UCF_Crimes/sbert_Caption_Features_janus/Shoplifting043_x264_captions_janus_pro.npy,Shoplifting
../VAD_dataset/UCF-Crimes/UCF_Crimes/sbert_Caption_Features_janus/Shoplifting045_x264_captions_janus_pro.npy,Shoplifting
../VAD_dataset/UCF-Crimes/UCF_Crimes/sbert_Caption_Features_janus/Shoplifting047_x264_captions_janus_pro.npy,Shoplifting
../VAD_dataset/UCF-Crimes/UCF_Crimes/sbert_Caption_Features_janus/Shoplifting048_x264_captions_janus_pro.npy,Shoplifting
../VAD_dataset/UCF-Crimes/UCF_Crimes/sbert_Caption_Features_janus/Shoplifting050_x264_captions_janus_pro.npy,Shoplifting
../VAD_dataset/UCF-Crimes/UCF_Crimes/sbert_Caption_Features_janus/Shoplifting051_x264_captions_janus_pro.npy,Shoplifting
../VAD_dataset/UCF-Crimes/UCF_Crimes/sbert_Caption_Features_janus/Shoplifting052_x264_captions_janus_pro.npy,Shoplifting
../VAD_dataset/UCF-Crimes/UCF_Crimes/sbert_Caption_Features_janus/Shoplifting053_x264_captions_janus_pro.npy,Shoplifting
../VAD_dataset/UCF-Crimes/UCF_Crimes/sbert_Caption_Features_janus/Shoplifting054_x264_captions_janus_pro.npy,Shoplifting
../VAD_dataset/UCF-Crimes/UCF_Crimes/sbert_Caption_Features_janus/Shoplifting055_x264_captions_janus_pro.npy,Shoplifting
../VAD_dataset/UCF-Crimes/UCF_Crimes/sbert_Caption_Features_janus/Stealing002_x264_captions_janus_pro.npy,Stealing
../VAD_dataset/UCF-Crimes/UCF_Crimes/sbert_Caption_Features_janus/Stealing003_x264_captions_janus_pro.npy,Stealing
../VAD_dataset/UCF-Crimes/UCF_Crimes/sbert_Caption_Features_janus/Stealing004_x264_captions_janus_pro.npy,Stealing
../VAD_dataset/UCF-Crimes/UCF_Crimes/sbert_Caption_Features_janus/Stealing006_x264_captions_janus_pro.npy,Stealing
../VAD_dataset/UCF-Crimes/UCF_Crimes/sbert_Caption_Features_janus/Stealing007_x264_captions_janus_pro.npy,Stealing
../VAD_dataset/UCF-Crimes/UCF_Crimes/sbert_Caption_Features_janus/Stealing008_x264_captions_janus_pro.npy,Stealing
../VAD_dataset/UCF-Crimes/UCF_Crimes/sbert_Caption_Features_janus/Stealing009_x264_captions_janus_pro.npy,Stealing
../VAD_dataset/UCF-Crimes/UCF_Crimes/sbert_Caption_Features_janus/Stealing010_x264_captions_janus_pro.npy,Stealing
../VAD_dataset/UCF-Crimes/UCF_Crimes/sbert_Caption_Features_janus/Stealing011_x264_captions_janus_pro.npy,Stealing
../VAD_dataset/UCF-Crimes/UCF_Crimes/sbert_Caption_Features_janus/Stealing012_x264_captions_janus_pro.npy,Stealing
../VAD_dataset/UCF-Crimes/UCF_Crimes/sbert_Caption_Features_janus/Stealing013_x264_captions_janus_pro.npy,Stealing
../VAD_dataset/UCF-Crimes/UCF_Crimes/sbert_Caption_Features_janus/Stealing014_x264_captions_janus_pro.npy,Stealing
../VAD_dataset/UCF-Crimes/UCF_Crimes/sbert_Caption_Features_janus/Stealing015_x264_captions_janus_pro.npy,Stealing
../VAD_dataset/UCF-Crimes/UCF_Crimes/sbert_Caption_Features_janus/Stealing016_x264_captions_janus_pro.npy,Stealing
../VAD_dataset/UCF-Crimes/UCF_Crimes/sbert_Caption_Features_janus/Stealing017_x264_captions_janus_pro.npy,Stealing
../VAD_dataset/UCF-Crimes/UCF_Crimes/sbert_Caption_Features_janus/Stealing018_x264_captions_janus_pro.npy,Stealing
../VAD_dataset/UCF-Crimes/UCF_Crimes/sbert_Caption_Features_janus/Stealing020_x264_captions_janus_pro.npy,Stealing
../VAD_dataset/UCF-Crimes/UCF_Crimes/sbert_Caption_Features_janus/Stealing021_x264_captions_janus_pro.npy,Stealing
../VAD_dataset/UCF-Crimes/UCF_Crimes/sbert_Caption_Features_janus/Stealing022_x264_captions_janus_pro.npy,Stealing
../VAD_dataset/UCF-Crimes/UCF_Crimes/sbert_Caption_Features_janus/Stealing023_x264_captions_janus_pro.npy,Stealing
../VAD_dataset/UCF-Crimes/UCF_Crimes/sbert_Caption_Features_janus/Stealing024_x264_captions_janus_pro.npy,Stealing
../VAD_dataset/UCF-Crimes/UCF_Crimes/sbert_Caption_Features_janus/Stealing025_x264_captions_janus_pro.npy,Stealing
../VAD_dataset/UCF-Crimes/UCF_Crimes/sbert_Caption_Features_janus/Stealing026_x264_captions_janus_pro.npy,Stealing
../VAD_dataset/UCF-Crimes/UCF_Crimes/sbert_Caption_Features_janus/Stealing027_x264_captions_janus_pro.npy,Stealing
../VAD_dataset/UCF-Crimes/UCF_Crimes/sbert_Caption_Features_janus/Stealing028_x264_captions_janus_pro.npy,Stealing
../VAD_dataset/UCF-Crimes/UCF_Crimes/sbert_Caption_Features_janus/Stealing029_x264_captions_janus_pro.npy,Stealing
../VAD_dataset/UCF-Crimes/UCF_Crimes/sbert_Caption_Features_janus/Stealing030_x264_captions_janus_pro.npy,Stealing
../VAD_dataset/UCF-Crimes/UCF_Crimes/sbert_Caption_Features_janus/Stealing031_x264_captions_janus_pro.npy,Stealing
../VAD_dataset/UCF-Crimes/UCF_Crimes/sbert_Caption_Features_janus/Stealing032_x264_captions_janus_pro.npy,Stealing
../VAD_dataset/UCF-Crimes/UCF_Crimes/sbert_Caption_Features_janus/Stealing035_x264_captions_janus_pro.npy,Stealing
../VAD_dataset/UCF-Crimes/UCF_Crimes/sbert_Caption_Features_janus/Stealing037_x264_captions_janus_pro.npy,Stealing
../VAD_dataset/UCF-Crimes/UCF_Crimes/sbert_Caption_Features_janus/Stealing042_x264_captions_janus_pro.npy,Stealing
../VAD_dataset/UCF-Crimes/UCF_Crimes/sbert_Caption_Features_janus/Stealing043_x264_captions_janus_pro.npy,Stealing
../VAD_dataset/UCF-Crimes/UCF_Crimes/sbert_Caption_Features_janus/Stealing044_x264_captions_janus_pro.npy,Stealing
../VAD_dataset/UCF-Crimes/UCF_Crimes/sbert_Caption_Features_janus/Stealing045_x264_captions_janus_pro.npy,Stealing
../VAD_dataset/UCF-Crimes/UCF_Crimes/sbert_Caption_Features_janus/Stealing046_x264_captions_janus_pro.npy,Stealing
../VAD_dataset/UCF-Crimes/UCF_Crimes/sbert_Caption_Features_janus/Stealing047_x264_captions_janus_pro.npy,Stealing
../VAD_dataset/UCF-Crimes/UCF_Crimes/sbert_Caption_Features_janus/Stealing048_x264_captions_janus_pro.npy,Stealing
../VAD_dataset/UCF-Crimes/UCF_Crimes/sbert_Caption_Features_janus/Stealing049_x264_captions_janus_pro.npy,Stealing
../VAD_dataset/UCF-Crimes/UCF_Crimes/sbert_Caption_Features_janus/Stealing050_x264_captions_janus_pro.npy,Stealing
../VAD_dataset/UCF-Crimes/UCF_Crimes/sbert_Caption_Features_janus/Stealing051_x264_captions_janus_pro.npy,Stealing
../VAD_dataset/UCF-Crimes/UCF_Crimes/sbert_Caption_Features_janus/Stealing052_x264_captions_janus_pro.npy,Stealing
../VAD_dataset/UCF-Crimes/UCF_Crimes/sbert_Caption_Features_janus/Stealing053_x264_captions_janus_pro.npy,Stealing
../VAD_dataset/UCF-Crimes/UCF_Crimes/sbert_Caption_Features_janus/Stealing054_x264_captions_janus_pro.npy,Stealing
../VAD_dataset/UCF-Crimes/UCF_Crimes/sbert_Caption_Features_janus/Stealing055_x264_captions_janus_pro.npy,Stealing
../VAD_dataset/UCF-Crimes/UCF_Crimes/sbert_Caption_Features_janus/Stealing057_x264_captions_janus_pro.npy,Stealing
../VAD_dataset/UCF-Crimes/UCF_Crimes/sbert_Caption_Features_janus/Stealing059_x264_captions_janus_pro.npy,Stealing
../VAD_dataset/UCF-Crimes/UCF_Crimes/sbert_Caption_Features_janus/Stealing060_x264_captions_janus_pro.npy,Stealing
../VAD_dataset/UCF-Crimes/UCF_Crimes/sbert_Caption_Features_janus/Stealing061_x264_captions_janus_pro.npy,Stealing
../VAD_dataset/UCF-Crimes/UCF_Crimes/sbert_Caption_Features_janus/Stealing063_x264_captions_janus_pro.npy,Stealing
../VAD_dataset/UCF-Crimes/UCF_Crimes/sbert_Caption_Features_janus/Stealing065_x264_captions_janus_pro.npy,Stealing
../VAD_dataset/UCF-Crimes/UCF_Crimes/sbert_Caption_Features_janus/Stealing066_x264_captions_janus_pro.npy,Stealing
../VAD_dataset/UCF-Crimes/UCF_Crimes/sbert_Caption_Features_janus/Stealing067_x264_captions_janus_pro.npy,Stealing
../VAD_dataset/UCF-Crimes/UCF_Crimes/sbert_Caption_Features_janus/Stealing068_x264_captions_janus_pro.npy,Stealing
../VAD_dataset/UCF-Crimes/UCF_Crimes/sbert_Caption_Features_janus/Stealing069_x264_captions_janus_pro.npy,Stealing
../VAD_dataset/UCF-Crimes/UCF_Crimes/sbert_Caption_Features_janus/Stealing070_x264_captions_janus_pro.npy,Stealing
../VAD_dataset/UCF-Crimes/UCF_Crimes/sbert_Caption_Features_janus/Stealing071_x264_captions_janus_pro.npy,Stealing
../VAD_dataset/UCF-Crimes/UCF_Crimes/sbert_Caption_Features_janus/Stealing072_x264_captions_janus_pro.npy,Stealing
../VAD_dataset/UCF-Crimes/UCF_Crimes/sbert_Caption_Features_janus/Stealing073_x264_captions_janus_pro.npy,Stealing
../VAD_dataset/UCF-Crimes/UCF_Crimes/sbert_Caption_Features_janus/Stealing074_x264_captions_janus_pro.npy,Stealing
../VAD_dataset/UCF-Crimes/UCF_Crimes/sbert_Caption_Features_janus/Stealing075_x264_captions_janus_pro.npy,Stealing
../VAD_dataset/UCF-Crimes/UCF_Crimes/sbert_Caption_Features_janus/Stealing077_x264_captions_janus_pro.npy,Stealing
../VAD_dataset/UCF-Crimes/UCF_Crimes/sbert_Caption_Features_janus/Stealing078_x264_captions_janus_pro.npy,Stealing
../VAD_dataset/UCF-Crimes/UCF_Crimes/sbert_Caption_Features_janus/Stealing080_x264_captions_janus_pro.npy,Stealing
../VAD_dataset/UCF-Crimes/UCF_Crimes/sbert_Caption_Features_janus/Stealing081_x264_captions_janus_pro.npy,Stealing
../VAD_dataset/UCF-Crimes/UCF_Crimes/sbert_Caption_Features_janus/Stealing082_x264_captions_janus_pro.npy,Stealing
../VAD_dataset/UCF-Crimes/UCF_Crimes/sbert_Caption_Features_janus/Stealing083_x264_captions_janus_pro.npy,Stealing
../VAD_dataset/UCF-Crimes/UCF_Crimes/sbert_Caption_Features_janus/Stealing084_x264_captions_janus_pro.npy,Stealing
../VAD_dataset/UCF-Crimes/UCF_Crimes/sbert_Caption_Features_janus/Stealing086_x264_captions_janus_pro.npy,Stealing
../VAD_dataset/UCF-Crimes/UCF_Crimes/sbert_Caption_Features_janus/Stealing087_x264_captions_janus_pro.npy,Stealing
../VAD_dataset/UCF-Crimes/UCF_Crimes/sbert_Caption_Features_janus/Stealing088_x264_captions_janus_pro.npy,Stealing
../VAD_dataset/UCF-Crimes/UCF_Crimes/sbert_Caption_Features_janus/Stealing089_x264_captions_janus_pro.npy,Stealing
../VAD_dataset/UCF-Crimes/UCF_Crimes/sbert_Caption_Features_janus/Stealing091_x264_captions_janus_pro.npy,Stealing
../VAD_dataset/UCF-Crimes/UCF_Crimes/sbert_Caption_Features_janus/Stealing092_x264_captions_janus_pro.npy,Stealing
../VAD_dataset/UCF-Crimes/UCF_Crimes/sbert_Caption_Features_janus/Stealing093_x264_captions_janus_pro.npy,Stealing
../VAD_dataset/UCF-Crimes/UCF_Crimes/sbert_Caption_Features_janus/Stealing094_x264_captions_janus_pro.npy,Stealing
../VAD_dataset/UCF-Crimes/UCF_Crimes/sbert_Caption_Features_janus/Stealing095_x264_captions_janus_pro.npy,Stealing
../VAD_dataset/UCF-Crimes/UCF_Crimes/sbert_Caption_Features_janus/Stealing096_x264_captions_janus_pro.npy,Stealing
../VAD_dataset/UCF-Crimes/UCF_Crimes/sbert_Caption_Features_janus/Stealing097_x264_captions_janus_pro.npy,Stealing
../VAD_dataset/UCF-Crimes/UCF_Crimes/sbert_Caption_Features_janus/Stealing098_x264_captions_janus_pro.npy,Stealing
../VAD_dataset/UCF-Crimes/UCF_Crimes/sbert_Caption_Features_janus/Stealing100_x264_captions_janus_pro.npy,Stealing
../VAD_dataset/UCF-Crimes/UCF_Crimes/sbert_Caption_Features_janus/Stealing101_x264_captions_janus_pro.npy,Stealing
../VAD_dataset/UCF-Crimes/UCF_Crimes/sbert_Caption_Features_janus/Stealing102_x264_captions_janus_pro.npy,Stealing
../VAD_dataset/UCF-Crimes/UCF_Crimes/sbert_Caption_Features_janus/Stealing103_x264_captions_janus_pro.npy,Stealing
../VAD_dataset/UCF-Crimes/UCF_Crimes/sbert_Caption_Features_janus/Stealing104_x264_captions_janus_pro.npy,Stealing
../VAD_dataset/UCF-Crimes/UCF_Crimes/sbert_Caption_Features_janus/Stealing105_x264_captions_janus_pro.npy,Stealing
../VAD_dataset/UCF-Crimes/UCF_Crimes/sbert_Caption_Features_janus/Stealing106_x264_captions_janus_pro.npy,Stealing
../VAD_dataset/UCF-Crimes/UCF_Crimes/sbert_Caption_Features_janus/Stealing107_x264_captions_janus_pro.npy,Stealing
../VAD_dataset/UCF-Crimes/UCF_Crimes/sbert_Caption_Features_janus/Stealing108_x264_captions_janus_pro.npy,Stealing
../VAD_dataset/UCF-Crimes/UCF_Crimes/sbert_Caption_Features_janus/Stealing109_x264_captions_janus_pro.npy,Stealing
../VAD_dataset/UCF-Crimes/UCF_Crimes/sbert_Caption_Features_janus/Stealing110_x264_captions_janus_pro.npy,Stealing
../VAD_dataset/UCF-Crimes/UCF_Crimes/sbert_Caption_Features_janus/Stealing111_x264_captions_janus_pro.npy,Stealing
../VAD_dataset/UCF-Crimes/UCF_Crimes/sbert_Caption_Features_janus/Stealing112_x264_captions_janus_pro.npy,Stealing
../VAD_dataset/UCF-Crimes/UCF_Crimes/sbert_Caption_Features_janus/Stealing113_x264_captions_janus_pro.npy,Stealing
../VAD_dataset/UCF-Crimes/UCF_Crimes/sbert_Caption_Features_janus/Stealing114_x264_captions_janus_pro.npy,Stealing
../VAD_dataset/UCF-Crimes/UCF_Crimes/sbert_Caption_Features_janus/Vandalism001_x264_captions_janus_pro.npy,Vandalism
../VAD_dataset/UCF-Crimes/UCF_Crimes/sbert_Caption_Features_janus/Vandalism002_x264_captions_janus_pro.npy,Vandalism
../VAD_dataset/UCF-Crimes/UCF_Crimes/sbert_Caption_Features_janus/Vandalism003_x264_captions_janus_pro.npy,Vandalism
../VAD_dataset/UCF-Crimes/UCF_Crimes/sbert_Caption_Features_janus/Vandalism004_x264_captions_janus_pro.npy,Vandalism
../VAD_dataset/UCF-Crimes/UCF_Crimes/sbert_Caption_Features_janus/Vandalism005_x264_captions_janus_pro.npy,Vandalism
../VAD_dataset/UCF-Crimes/UCF_Crimes/sbert_Caption_Features_janus/Vandalism006_x264_captions_janus_pro.npy,Vandalism
../VAD_dataset/UCF-Crimes/UCF_Crimes/sbert_Caption_Features_janus/Vandalism008_x264_captions_janus_pro.npy,Vandalism
../VAD_dataset/UCF-Crimes/UCF_Crimes/sbert_Caption_Features_janus/Vandalism009_x264_captions_janus_pro.npy,Vandalism
../VAD_dataset/UCF-Crimes/UCF_Crimes/sbert_Caption_Features_janus/Vandalism010_x264_captions_janus_pro.npy,Vandalism
../VAD_dataset/UCF-Crimes/UCF_Crimes/sbert_Caption_Features_janus/Vandalism011_x264_captions_janus_pro.npy,Vandalism
../VAD_dataset/UCF-Crimes/UCF_Crimes/sbert_Caption_Features_janus/Vandalism012_x264_captions_janus_pro.npy,Vandalism
../VAD_dataset/UCF-Crimes/UCF_Crimes/sbert_Caption_Features_janus/Vandalism013_x264_captions_janus_pro.npy,Vandalism
../VAD_dataset/UCF-Crimes/UCF_Crimes/sbert_Caption_Features_janus/Vandalism014_x264_captions_janus_pro.npy,Vandalism
../VAD_dataset/UCF-Crimes/UCF_Crimes/sbert_Caption_Features_janus/Vandalism016_x264_captions_janus_pro.npy,Vandalism
../VAD_dataset/UCF-Crimes/UCF_Crimes/sbert_Caption_Features_janus/Vandalism018_x264_captions_janus_pro.npy,Vandalism
../VAD_dataset/UCF-Crimes/UCF_Crimes/sbert_Caption_Features_janus/Vandalism019_x264_captions_janus_pro.npy,Vandalism
../VAD_dataset/UCF-Crimes/UCF_Crimes/sbert_Caption_Features_janus/Vandalism020_x264_captions_janus_pro.npy,Vandalism
../VAD_dataset/UCF-Crimes/UCF_Crimes/sbert_Caption_Features_janus/Vandalism021_x264_captions_janus_pro.npy,Vandalism
../VAD_dataset/UCF-Crimes/UCF_Crimes/sbert_Caption_Features_janus/Vandalism022_x264_captions_janus_pro.npy,Vandalism
../VAD_dataset/UCF-Crimes/UCF_Crimes/sbert_Caption_Features_janus/Vandalism023_x264_captions_janus_pro.npy,Vandalism
../VAD_dataset/UCF-Crimes/UCF_Crimes/sbert_Caption_Features_janus/Vandalism024_x264_captions_janus_pro.npy,Vandalism
../VAD_dataset/UCF-Crimes/UCF_Crimes/sbert_Caption_Features_janus/Vandalism025_x264_captions_janus_pro.npy,Vandalism
../VAD_dataset/UCF-Crimes/UCF_Crimes/sbert_Caption_Features_janus/Vandalism026_x264_captions_janus_pro.npy,Vandalism
../VAD_dataset/UCF-Crimes/UCF_Crimes/sbert_Caption_Features_janus/Vandalism027_x264_captions_janus_pro.npy,Vandalism
../VAD_dataset/UCF-Crimes/UCF_Crimes/sbert_Caption_Features_janus/Vandalism029_x264_captions_janus_pro.npy,Vandalism
../VAD_dataset/UCF-Crimes/UCF_Crimes/sbert_Caption_Features_janus/Vandalism030_x264_captions_janus_pro.npy,Vandalism
../VAD_dataset/UCF-Crimes/UCF_Crimes/sbert_Caption_Features_janus/Vandalism031_x264_captions_janus_pro.npy,Vandalism
../VAD_dataset/UCF-Crimes/UCF_Crimes/sbert_Caption_Features_janus/Vandalism032_x264_captions_janus_pro.npy,Vandalism
../VAD_dataset/UCF-Crimes/UCF_Crimes/sbert_Caption_Features_janus/Vandalism033_x264_captions_janus_pro.npy,Vandalism
../VAD_dataset/UCF-Crimes/UCF_Crimes/sbert_Caption_Features_janus/Vandalism034_x264_captions_janus_pro.npy,Vandalism
../VAD_dataset/UCF-Crimes/UCF_Crimes/sbert_Caption_Features_janus/Vandalism035_x264_captions_janus_pro.npy,Vandalism
../VAD_dataset/UCF-Crimes/UCF_Crimes/sbert_Caption_Features_janus/Vandalism037_x264_captions_janus_pro.npy,Vandalism
../VAD_dataset/UCF-Crimes/UCF_Crimes/sbert_Caption_Features_janus/Vandalism038_x264_captions_janus_pro.npy,Vandalism
../VAD_dataset/UCF-Crimes/UCF_Crimes/sbert_Caption_Features_janus/Vandalism039_x264_captions_janus_pro.npy,Vandalism
../VAD_dataset/UCF-Crimes/UCF_Crimes/sbert_Caption_Features_janus/Vandalism040_x264_captions_janus_pro.npy,Vandalism
../VAD_dataset/UCF-Crimes/UCF_Crimes/sbert_Caption_Features_janus/Vandalism041_x264_captions_janus_pro.npy,Vandalism
../VAD_dataset/UCF-Crimes/UCF_Crimes/sbert_Caption_Features_janus/Vandalism042_x264_captions_janus_pro.npy,Vandalism
../VAD_dataset/UCF-Crimes/UCF_Crimes/sbert_Caption_Features_janus/Vandalism043_x264_captions_janus_pro.npy,Vandalism
../VAD_dataset/UCF-Crimes/UCF_Crimes/sbert_Caption_Features_janus/Vandalism044_x264_captions_janus_pro.npy,Vandalism
../VAD_dataset/UCF-Crimes/UCF_Crimes/sbert_Caption_Features_janus/Vandalism045_x264_captions_janus_pro.npy,Vandalism
../VAD_dataset/UCF-Crimes/UCF_Crimes/sbert_Caption_Features_janus/Vandalism046_x264_captions_janus_pro.npy,Vandalism
../VAD_dataset/UCF-Crimes/UCF_Crimes/sbert_Caption_Features_janus/Vandalism047_x264_captions_janus_pro.npy,Vandalism
../VAD_dataset/UCF-Crimes/UCF_Crimes/sbert_Caption_Features_janus/Vandalism048_x264_captions_janus_pro.npy,Vandalism
../VAD_dataset/UCF-Crimes/UCF_Crimes/sbert_Caption_Features_janus/Vandalism049_x264_captions_janus_pro.npy,Vandalism
../VAD_dataset/UCF-Crimes/UCF_Crimes/sbert_Caption_Features_janus/Vandalism050_x264_captions_janus_pro.npy,Vandalism
../VAD_dataset/UCF-Crimes/UCF_Crimes/sbert_Caption_Features_janus/Normal_Videos001_x264_captions_janus_pro.npy,Normal
../VAD_dataset/UCF-Crimes/UCF_Crimes/sbert_Caption_Features_janus/Normal_Videos002_x264_captions_janus_pro.npy,Normal
../VAD_dataset/UCF-Crimes/UCF_Crimes/sbert_Caption_Features_janus/Normal_Videos004_x264_captions_janus_pro.npy,Normal
../VAD_dataset/UCF-Crimes/UCF_Crimes/sbert_Caption_Features_janus/Normal_Videos005_x264_captions_janus_pro.npy,Normal
../VAD_dataset/UCF-Crimes/UCF_Crimes/sbert_Caption_Features_janus/Normal_Videos007_x264_captions_janus_pro.npy,Normal
../VAD_dataset/UCF-Crimes/UCF_Crimes/sbert_Caption_Features_janus/Normal_Videos008_x264_captions_janus_pro.npy,Normal
../VAD_dataset/UCF-Crimes/UCF_Crimes/sbert_Caption_Features_janus/Normal_Videos009_x264_captions_janus_pro.npy,Normal
../VAD_dataset/UCF-Crimes/UCF_Crimes/sbert_Caption_Features_janus/Normal_Videos011_x264_captions_janus_pro.npy,Normal
../VAD_dataset/UCF-Crimes/UCF_Crimes/sbert_Caption_Features_janus/Normal_Videos012_x264_captions_janus_pro.npy,Normal
../VAD_dataset/UCF-Crimes/UCF_Crimes/sbert_Caption_Features_janus/Normal_Videos013_x264_captions_janus_pro.npy,Normal
../VAD_dataset/UCF-Crimes/UCF_Crimes/sbert_Caption_Features_janus/Normal_Videos016_x264_captions_janus_pro.npy,Normal
../VAD_dataset/UCF-Crimes/UCF_Crimes/sbert_Caption_Features_janus/Normal_Videos017_x264_captions_janus_pro.npy,Normal
../VAD_dataset/UCF-Crimes/UCF_Crimes/sbert_Caption_Features_janus/Normal_Videos020_x264_captions_janus_pro.npy,Normal
../VAD_dataset/UCF-Crimes/UCF_Crimes/sbert_Caption_Features_janus/Normal_Videos021_x264_captions_janus_pro.npy,Normal
../VAD_dataset/UCF-Crimes/UCF_Crimes/sbert_Caption_Features_janus/Normal_Videos022_x264_captions_janus_pro.npy,Normal
../VAD_dataset/UCF-Crimes/UCF_Crimes/sbert_Caption_Features_janus/Normal_Videos023_x264_captions_janus_pro.npy,Normal
../VAD_dataset/UCF-Crimes/UCF_Crimes/sbert_Caption_Features_janus/Normal_Videos026_x264_captions_janus_pro.npy,Normal
../VAD_dataset/UCF-Crimes/UCF_Crimes/sbert_Caption_Features_janus/Normal_Videos028_x264_captions_janus_pro.npy,Normal
../VAD_dataset/UCF-Crimes/UCF_Crimes/sbert_Caption_Features_janus/Normal_Videos029_x264_captions_janus_pro.npy,Normal
../VAD_dataset/UCF-Crimes/UCF_Crimes/sbert_Caption_Features_janus/Normal_Videos030_x264_captions_janus_pro.npy,Normal
../VAD_dataset/UCF-Crimes/UCF_Crimes/sbert_Caption_Features_janus/Normal_Videos031_x264_captions_janus_pro.npy,Normal
../VAD_dataset/UCF-Crimes/UCF_Crimes/sbert_Caption_Features_janus/Normal_Videos032_x264_captions_janus_pro.npy,Normal
../VAD_dataset/UCF-Crimes/UCF_Crimes/sbert_Caption_Features_janus/Normal_Videos035_x264_captions_janus_pro.npy,Normal
../VAD_dataset/UCF-Crimes/UCF_Crimes/sbert_Caption_Features_janus/Normal_Videos036_x264_captions_janus_pro.npy,Normal
../VAD_dataset/UCF-Crimes/UCF_Crimes/sbert_Caption_Features_janus/Normal_Videos037_x264_captions_janus_pro.npy,Normal
../VAD_dataset/UCF-Crimes/UCF_Crimes/sbert_Caption_Features_janus/Normal_Videos038_x264_captions_janus_pro.npy,Normal
../VAD_dataset/UCF-Crimes/UCF_Crimes/sbert_Caption_Features_janus/Normal_Videos039_x264_captions_janus_pro.npy,Normal
../VAD_dataset/UCF-Crimes/UCF_Crimes/sbert_Caption_Features_janus/Normal_Videos040_x264_captions_janus_pro.npy,Normal
../VAD_dataset/UCF-Crimes/UCF_Crimes/sbert_Caption_Features_janus/Normal_Videos043_x264_captions_janus_pro.npy,Normal
../VAD_dataset/UCF-Crimes/UCF_Crimes/sbert_Caption_Features_janus/Normal_Videos044_x264_captions_janus_pro.npy,Normal
../VAD_dataset/UCF-Crimes/UCF_Crimes/sbert_Caption_Features_janus/Normal_Videos045_x264_captions_janus_pro.npy,Normal
../VAD_dataset/UCF-Crimes/UCF_Crimes/sbert_Caption_Features_janus/Normal_Videos046_x264_captions_janus_pro.npy,Normal
../VAD_dataset/UCF-Crimes/UCF_Crimes/sbert_Caption_Features_janus/Normal_Videos047_x264_captions_janus_pro.npy,Normal
../VAD_dataset/UCF-Crimes/UCF_Crimes/sbert_Caption_Features_janus/Normal_Videos049_x264_captions_janus_pro.npy,Normal
../VAD_dataset/UCF-Crimes/UCF_Crimes/sbert_Caption_Features_janus/Normal_Videos052_x264_captions_janus_pro.npy,Normal
../VAD_dataset/UCF-Crimes/UCF_Crimes/sbert_Caption_Features_janus/Normal_Videos053_x264_captions_janus_pro.npy,Normal
../VAD_dataset/UCF-Crimes/UCF_Crimes/sbert_Caption_Features_janus/Normal_Videos054_x264_captions_janus_pro.npy,Normal
../VAD_dataset/UCF-Crimes/UCF_Crimes/sbert_Caption_Features_janus/Normal_Videos055_x264_captions_janus_pro.npy,Normal
../VAD_dataset/UCF-Crimes/UCF_Crimes/sbert_Caption_Features_janus/Normal_Videos057_x264_captions_janus_pro.npy,Normal
../VAD_dataset/UCF-Crimes/UCF_Crimes/sbert_Caption_Features_janus/Normal_Videos058_x264_captions_janus_pro.npy,Normal
../VAD_dataset/UCF-Crimes/UCF_Crimes/sbert_Caption_Features_janus/Normal_Videos060_x264_captions_janus_pro.npy,Normal
../VAD_dataset/UCF-Crimes/UCF_Crimes/sbert_Caption_Features_janus/Normal_Videos061_x264_captions_janus_pro.npy,Normal
../VAD_dataset/UCF-Crimes/UCF_Crimes/sbert_Caption_Features_janus/Normal_Videos062_x264_captions_janus_pro.npy,Normal
../VAD_dataset/UCF-Crimes/UCF_Crimes/sbert_Caption_Features_janus/Normal_Videos064_x264_captions_janus_pro.npy,Normal
../VAD_dataset/UCF-Crimes/UCF_Crimes/sbert_Caption_Features_janus/Normal_Videos065_x264_captions_janus_pro.npy,Normal
../VAD_dataset/UCF-Crimes/UCF_Crimes/sbert_Caption_Features_janus/Normal_Videos066_x264_captions_janus_pro.npy,Normal
../VAD_dataset/UCF-Crimes/UCF_Crimes/sbert_Caption_Features_janus/Normal_Videos068_x264_captions_janus_pro.npy,Normal
../VAD_dataset/UCF-Crimes/UCF_Crimes/sbert_Caption_Features_janus/Normal_Videos069_x264_captions_janus_pro.npy,Normal
../VAD_dataset/UCF-Crimes/UCF_Crimes/sbert_Caption_Features_janus/Normal_Videos071_x264_captions_janus_pro.npy,Normal
../VAD_dataset/UCF-Crimes/UCF_Crimes/sbert_Caption_Features_janus/Normal_Videos072_x264_captions_janus_pro.npy,Normal
../VAD_dataset/UCF-Crimes/UCF_Crimes/sbert_Caption_Features_janus/Normal_Videos073_x264_captions_janus_pro.npy,Normal
../VAD_dataset/UCF-Crimes/UCF_Crimes/sbert_Caption_Features_janus/Normal_Videos074_x264_captions_janus_pro.npy,Normal
../VAD_dataset/UCF-Crimes/UCF_Crimes/sbert_Caption_Features_janus/Normal_Videos075_x264_captions_janus_pro.npy,Normal
../VAD_dataset/UCF-Crimes/UCF_Crimes/sbert_Caption_Features_janus/Normal_Videos076_x264_captions_janus_pro.npy,Normal
../VAD_dataset/UCF-Crimes/UCF_Crimes/sbert_Caption_Features_janus/Normal_Videos077_x264_captions_janus_pro.npy,Normal
../VAD_dataset/UCF-Crimes/UCF_Crimes/sbert_Caption_Features_janus/Normal_Videos078_x264_captions_janus_pro.npy,Normal
../VAD_dataset/UCF-Crimes/UCF_Crimes/sbert_Caption_Features_janus/Normal_Videos079_x264_captions_janus_pro.npy,Normal
../VAD_dataset/UCF-Crimes/UCF_Crimes/sbert_Caption_Features_janus/Normal_Videos080_x264_captions_janus_pro.npy,Normal
../VAD_dataset/UCF-Crimes/UCF_Crimes/sbert_Caption_Features_janus/Normal_Videos081_x264_captions_janus_pro.npy,Normal
../VAD_dataset/UCF-Crimes/UCF_Crimes/sbert_Caption_Features_janus/Normal_Videos082_x264_captions_janus_pro.npy,Normal
../VAD_dataset/UCF-Crimes/UCF_Crimes/sbert_Caption_Features_janus/Normal_Videos083_x264_captions_janus_pro.npy,Normal
../VAD_dataset/UCF-Crimes/UCF_Crimes/sbert_Caption_Features_janus/Normal_Videos084_x264_captions_janus_pro.npy,Normal
../VAD_dataset/UCF-Crimes/UCF_Crimes/sbert_Caption_Features_janus/Normal_Videos085_x264_captions_janus_pro.npy,Normal
../VAD_dataset/UCF-Crimes/UCF_Crimes/sbert_Caption_Features_janus/Normal_Videos086_x264_captions_janus_pro.npy,Normal
../VAD_dataset/UCF-Crimes/UCF_Crimes/sbert_Caption_Features_janus/Normal_Videos087_x264_captions_janus_pro.npy,Normal
../VAD_dataset/UCF-Crimes/UCF_Crimes/sbert_Caption_Features_janus/Normal_Videos088_x264_captions_janus_pro.npy,Normal
../VAD_dataset/UCF-Crimes/UCF_Crimes/sbert_Caption_Features_janus/Normal_Videos089_x264_captions_janus_pro.npy,Normal
../VAD_dataset/UCF-Crimes/UCF_Crimes/sbert_Caption_Features_janus/Normal_Videos090_x264_captions_janus_pro.npy,Normal
../VAD_dataset/UCF-Crimes/UCF_Crimes/sbert_Caption_Features_janus/Normal_Videos091_x264_captions_janus_pro.npy,Normal
../VAD_dataset/UCF-Crimes/UCF_Crimes/sbert_Caption_Features_janus/Normal_Videos092_x264_captions_janus_pro.npy,Normal
../VAD_dataset/UCF-Crimes/UCF_Crimes/sbert_Caption_Features_janus/Normal_Videos093_x264_captions_janus_pro.npy,Normal
../VAD_dataset/UCF-Crimes/UCF_Crimes/sbert_Caption_Features_janus/Normal_Videos094_x264_captions_janus_pro.npy,Normal
../VAD_dataset/UCF-Crimes/UCF_Crimes/sbert_Caption_Features_janus/Normal_Videos095_x264_captions_janus_pro.npy,Normal
../VAD_dataset/UCF-Crimes/UCF_Crimes/sbert_Caption_Features_janus/Normal_Videos096_x264_captions_janus_pro.npy,Normal
../VAD_dataset/UCF-Crimes/UCF_Crimes/sbert_Caption_Features_janus/Normal_Videos097_x264_captions_janus_pro.npy,Normal
../VAD_dataset/UCF-Crimes/UCF_Crimes/sbert_Caption_Features_janus/Normal_Videos098_x264_captions_janus_pro.npy,Normal
../VAD_dataset/UCF-Crimes/UCF_Crimes/sbert_Caption_Features_janus/Normal_Videos099_x264_captions_janus_pro.npy,Normal
../VAD_dataset/UCF-Crimes/UCF_Crimes/sbert_Caption_Features_janus/Normal_Videos101_x264_captions_janus_pro.npy,Normal
../VAD_dataset/UCF-Crimes/UCF_Crimes/sbert_Caption_Features_janus/Normal_Videos102_x264_captions_janus_pro.npy,Normal
../VAD_dataset/UCF-Crimes/UCF_Crimes/sbert_Caption_Features_janus/Normal_Videos103_x264_captions_janus_pro.npy,Normal
../VAD_dataset/UCF-Crimes/UCF_Crimes/sbert_Caption_Features_janus/Normal_Videos104_x264_captions_janus_pro.npy,Normal
../VAD_dataset/UCF-Crimes/UCF_Crimes/sbert_Caption_Features_janus/Normal_Videos105_x264_captions_janus_pro.npy,Normal
../VAD_dataset/UCF-Crimes/UCF_Crimes/sbert_Caption_Features_janus/Normal_Videos106_x264_captions_janus_pro.npy,Normal
../VAD_dataset/UCF-Crimes/UCF_Crimes/sbert_Caption_Features_janus/Normal_Videos107_x264_captions_janus_pro.npy,Normal
../VAD_dataset/UCF-Crimes/UCF_Crimes/sbert_Caption_Features_janus/Normal_Videos108_x264_captions_janus_pro.npy,Normal
../VAD_dataset/UCF-Crimes/UCF_Crimes/sbert_Caption_Features_janus/Normal_Videos109_x264_captions_janus_pro.npy,Normal
../VAD_dataset/UCF-Crimes/UCF_Crimes/sbert_Caption_Features_janus/Normal_Videos110_x264_captions_janus_pro.npy,Normal
../VAD_dataset/UCF-Crimes/UCF_Crimes/sbert_Caption_Features_janus/Normal_Videos111_x264_captions_janus_pro.npy,Normal
../VAD_dataset/UCF-Crimes/UCF_Crimes/sbert_Caption_Features_janus/Normal_Videos112_x264_captions_janus_pro.npy,Normal
../VAD_dataset/UCF-Crimes/UCF_Crimes/sbert_Caption_Features_janus/Normal_Videos113_x264_captions_janus_pro.npy,Normal
../VAD_dataset/UCF-Crimes/UCF_Crimes/sbert_Caption_Features_janus/Normal_Videos114_x264_captions_janus_pro.npy,Normal
../VAD_dataset/UCF-Crimes/UCF_Crimes/sbert_Caption_Features_janus/Normal_Videos115_x264_captions_janus_pro.npy,Normal
../VAD_dataset/UCF-Crimes/UCF_Crimes/sbert_Caption_Features_janus/Normal_Videos116_x264_captions_janus_pro.npy,Normal
../VAD_dataset/UCF-Crimes/UCF_Crimes/sbert_Caption_Features_janus/Normal_Videos117_x264_captions_janus_pro.npy,Normal
../VAD_dataset/UCF-Crimes/UCF_Crimes/sbert_Caption_Features_janus/Normal_Videos118_x264_captions_janus_pro.npy,Normal
../VAD_dataset/UCF-Crimes/UCF_Crimes/sbert_Caption_Features_janus/Normal_Videos119_x264_captions_janus_pro.npy,Normal
../VAD_dataset/UCF-Crimes/UCF_Crimes/sbert_Caption_Features_janus/Normal_Videos120_x264_captions_janus_pro.npy,Normal
../VAD_dataset/UCF-Crimes/UCF_Crimes/sbert_Caption_Features_janus/Normal_Videos121_x264_captions_janus_pro.npy,Normal
../VAD_dataset/UCF-Crimes/UCF_Crimes/sbert_Caption_Features_janus/Normal_Videos122_x264_captions_janus_pro.npy,Normal
../VAD_dataset/UCF-Crimes/UCF_Crimes/sbert_Caption_Features_janus/Normal_Videos123_x264_captions_janus_pro.npy,Normal
../VAD_dataset/UCF-Crimes/UCF_Crimes/sbert_Caption_Features_janus/Normal_Videos124_x264_captions_janus_pro.npy,Normal
../VAD_dataset/UCF-Crimes/UCF_Crimes/sbert_Caption_Features_janus/Normal_Videos125_x264_captions_janus_pro.npy,Normal
../VAD_dataset/UCF-Crimes/UCF_Crimes/sbert_Caption_Features_janus/Normal_Videos126_x264_captions_janus_pro.npy,Normal
../VAD_dataset/UCF-Crimes/UCF_Crimes/sbert_Caption_Features_janus/Normal_Videos127_x264_captions_janus_pro.npy,Normal
../VAD_dataset/UCF-Crimes/UCF_Crimes/sbert_Caption_Features_janus/Normal_Videos128_x264_captions_janus_pro.npy,Normal
../VAD_dataset/UCF-Crimes/UCF_Crimes/sbert_Caption_Features_janus/Normal_Videos130_x264_captions_janus_pro.npy,Normal
../VAD_dataset/UCF-Crimes/UCF_Crimes/sbert_Caption_Features_janus/Normal_Videos131_x264_captions_janus_pro.npy,Normal
../VAD_dataset/UCF-Crimes/UCF_Crimes/sbert_Caption_Features_janus/Normal_Videos132_x264_captions_janus_pro.npy,Normal
../VAD_dataset/UCF-Crimes/UCF_Crimes/sbert_Caption_Features_janus/Normal_Videos133_x264_captions_janus_pro.npy,Normal
../VAD_dataset/UCF-Crimes/UCF_Crimes/sbert_Caption_Features_janus/Normal_Videos134_x264_captions_janus_pro.npy,Normal
../VAD_dataset/UCF-Crimes/UCF_Crimes/sbert_Caption_Features_janus/Normal_Videos135_x264_captions_janus_pro.npy,Normal
../VAD_dataset/UCF-Crimes/UCF_Crimes/sbert_Caption_Features_janus/Normal_Videos136_x264_captions_janus_pro.npy,Normal
../VAD_dataset/UCF-Crimes/UCF_Crimes/sbert_Caption_Features_janus/Normal_Videos137_x264_captions_janus_pro.npy,Normal
../VAD_dataset/UCF-Crimes/UCF_Crimes/sbert_Caption_Features_janus/Normal_Videos138_x264_captions_janus_pro.npy,Normal
../VAD_dataset/UCF-Crimes/UCF_Crimes/sbert_Caption_Features_janus/Normal_Videos139_x264_captions_janus_pro.npy,Normal
../VAD_dataset/UCF-Crimes/UCF_Crimes/sbert_Caption_Features_janus/Normal_Videos140_x264_captions_janus_pro.npy,Normal
../VAD_dataset/UCF-Crimes/UCF_Crimes/sbert_Caption_Features_janus/Normal_Videos141_x264_captions_janus_pro.npy,Normal
../VAD_dataset/UCF-Crimes/UCF_Crimes/sbert_Caption_Features_janus/Normal_Videos142_x264_captions_janus_pro.npy,Normal
../VAD_dataset/UCF-Crimes/UCF_Crimes/sbert_Caption_Features_janus/Normal_Videos143_x264_captions_janus_pro.npy,Normal
../VAD_dataset/UCF-Crimes/UCF_Crimes/sbert_Caption_Features_janus/Normal_Videos144_x264_captions_janus_pro.npy,Normal
../VAD_dataset/UCF-Crimes/UCF_Crimes/sbert_Caption_Features_janus/Normal_Videos145_x264_captions_janus_pro.npy,Normal
../VAD_dataset/UCF-Crimes/UCF_Crimes/sbert_Caption_Features_janus/Normal_Videos146_x264_captions_janus_pro.npy,Normal
../VAD_dataset/UCF-Crimes/UCF_Crimes/sbert_Caption_Features_janus/Normal_Videos147_x264_captions_janus_pro.npy,Normal
../VAD_dataset/UCF-Crimes/UCF_Crimes/sbert_Caption_Features_janus/Normal_Videos148_x264_captions_janus_pro.npy,Normal
../VAD_dataset/UCF-Crimes/UCF_Crimes/sbert_Caption_Features_janus/Normal_Videos149_x264_captions_janus_pro.npy,Normal
../VAD_dataset/UCF-Crimes/UCF_Crimes/sbert_Caption_Features_janus/Normal_Videos151_x264_captions_janus_pro.npy,Normal
../VAD_dataset/UCF-Crimes/UCF_Crimes/sbert_Caption_Features_janus/Normal_Videos152_x264_captions_janus_pro.npy,Normal
../VAD_dataset/UCF-Crimes/UCF_Crimes/sbert_Caption_Features_janus/Normal_Videos153_x264_captions_janus_pro.npy,Normal
../VAD_dataset/UCF-Crimes/UCF_Crimes/sbert_Caption_Features_janus/Normal_Videos154_x264_captions_janus_pro.npy,Normal
../VAD_dataset/UCF-Crimes/UCF_Crimes/sbert_Caption_Features_janus/Normal_Videos155_x264_captions_janus_pro.npy,Normal
../VAD_dataset/UCF-Crimes/UCF_Crimes/sbert_Caption_Features_janus/Normal_Videos156_x264_captions_janus_pro.npy,Normal
../VAD_dataset/UCF-Crimes/UCF_Crimes/sbert_Caption_Features_janus/Normal_Videos157_x264_captions_janus_pro.npy,Normal
../VAD_dataset/UCF-Crimes/UCF_Crimes/sbert_Caption_Features_janus/Normal_Videos158_x264_captions_janus_pro.npy,Normal
../VAD_dataset/UCF-Crimes/UCF_Crimes/sbert_Caption_Features_janus/Normal_Videos159_x264_captions_janus_pro.npy,Normal
../VAD_dataset/UCF-Crimes/UCF_Crimes/sbert_Caption_Features_janus/Normal_Videos160_x264_captions_janus_pro.npy,Normal
../VAD_dataset/UCF-Crimes/UCF_Crimes/sbert_Caption_Features_janus/Normal_Videos161_x264_captions_janus_pro.npy,Normal
../VAD_dataset/UCF-Crimes/UCF_Crimes/sbert_Caption_Features_janus/Normal_Videos162_x264_captions_janus_pro.npy,Normal
../VAD_dataset/UCF-Crimes/UCF_Crimes/sbert_Caption_Features_janus/Normal_Videos163_x264_captions_janus_pro.npy,Normal
../VAD_dataset/UCF-Crimes/UCF_Crimes/sbert_Caption_Features_janus/Normal_Videos164_x264_captions_janus_pro.npy,Normal
../VAD_dataset/UCF-Crimes/UCF_Crimes/sbert_Caption_Features_janus/Normal_Videos165_x264_captions_janus_pro.npy,Normal
../VAD_dataset/UCF-Crimes/UCF_Crimes/sbert_Caption_Features_janus/Normal_Videos166_x264_captions_janus_pro.npy,Normal
../VAD_dataset/UCF-Crimes/UCF_Crimes/sbert_Caption_Features_janus/Normal_Videos167_x264_captions_janus_pro.npy,Normal
../VAD_dataset/UCF-Crimes/UCF_Crimes/sbert_Caption_Features_janus/Normal_Videos169_x264_captions_janus_pro.npy,Normal
../VAD_dataset/UCF-Crimes/UCF_Crimes/sbert_Caption_Features_janus/Normal_Videos170_x264_captions_janus_pro.npy,Normal
../VAD_dataset/UCF-Crimes/UCF_Crimes/sbert_Caption_Features_janus/Normal_Videos171_x264_captions_janus_pro.npy,Normal
../VAD_dataset/UCF-Crimes/UCF_Crimes/sbert_Caption_Features_janus/Normal_Videos172_x264_captions_janus_pro.npy,Normal
../VAD_dataset/UCF-Crimes/UCF_Crimes/sbert_Caption_Features_janus/Normal_Videos173_x264_captions_janus_pro.npy,Normal
../VAD_dataset/UCF-Crimes/UCF_Crimes/sbert_Caption_Features_janus/Normal_Videos174_x264_captions_janus_pro.npy,Normal
../VAD_dataset/UCF-Crimes/UCF_Crimes/sbert_Caption_Features_janus/Normal_Videos176_x264_captions_janus_pro.npy,Normal
../VAD_dataset/UCF-Crimes/UCF_Crimes/sbert_Caption_Features_janus/Normal_Videos177_x264_captions_janus_pro.npy,Normal
../VAD_dataset/UCF-Crimes/UCF_Crimes/sbert_Caption_Features_janus/Normal_Videos178_x264_captions_janus_pro.npy,Normal
../VAD_dataset/UCF-Crimes/UCF_Crimes/sbert_Caption_Features_janus/Normal_Videos179_x264_captions_janus_pro.npy,Normal
../VAD_dataset/UCF-Crimes/UCF_Crimes/sbert_Caption_Features_janus/Normal_Videos180_x264_captions_janus_pro.npy,Normal
../VAD_dataset/UCF-Crimes/UCF_Crimes/sbert_Caption_Features_janus/Normal_Videos181_x264_captions_janus_pro.npy,Normal
../VAD_dataset/UCF-Crimes/UCF_Crimes/sbert_Caption_Features_janus/Normal_Videos183_x264_captions_janus_pro.npy,Normal
../VAD_dataset/UCF-Crimes/UCF_Crimes/sbert_Caption_Features_janus/Normal_Videos184_x264_captions_janus_pro.npy,Normal
../VAD_dataset/UCF-Crimes/UCF_Crimes/sbert_Caption_Features_janus/Normal_Videos185_x264_captions_janus_pro.npy,Normal
../VAD_dataset/UCF-Crimes/UCF_Crimes/sbert_Caption_Features_janus/Normal_Videos186_x264_captions_janus_pro.npy,Normal
../VAD_dataset/UCF-Crimes/UCF_Crimes/sbert_Caption_Features_janus/Normal_Videos187_x264_captions_janus_pro.npy,Normal
../VAD_dataset/UCF-Crimes/UCF_Crimes/sbert_Caption_Features_janus/Normal_Videos188_x264_captions_janus_pro.npy,Normal
../VAD_dataset/UCF-Crimes/UCF_Crimes/sbert_Caption_Features_janus/Normal_Videos190_x264_captions_janus_pro.npy,Normal
../VAD_dataset/UCF-Crimes/UCF_Crimes/sbert_Caption_Features_janus/Normal_Videos191_x264_captions_janus_pro.npy,Normal
../VAD_dataset/UCF-Crimes/UCF_Crimes/sbert_Caption_Features_janus/Normal_Videos192_x264_captions_janus_pro.npy,Normal
../VAD_dataset/UCF-Crimes/UCF_Crimes/sbert_Caption_Features_janus/Normal_Videos193_x264_captions_janus_pro.npy,Normal
../VAD_dataset/UCF-Crimes/UCF_Crimes/sbert_Caption_Features_janus/Normal_Videos194_x264_captions_janus_pro.npy,Normal
../VAD_dataset/UCF-Crimes/UCF_Crimes/sbert_Caption_Features_janus/Normal_Videos195_x264_captions_janus_pro.npy,Normal
../VAD_dataset/UCF-Crimes/UCF_Crimes/sbert_Caption_Features_janus/Normal_Videos197_x264_captions_janus_pro.npy,Normal
../VAD_dataset/UCF-Crimes/UCF_Crimes/sbert_Caption_Features_janus/Normal_Videos198_x264_captions_janus_pro.npy,Normal
../VAD_dataset/UCF-Crimes/UCF_Crimes/sbert_Caption_Features_janus/Normal_Videos199_x264_captions_janus_pro.npy,Normal
../VAD_dataset/UCF-Crimes/UCF_Crimes/sbert_Caption_Features_janus/Normal_Videos200_x264_captions_janus_pro.npy,Normal
../VAD_dataset/UCF-Crimes/UCF_Crimes/sbert_Caption_Features_janus/Normal_Videos201_x264_captions_janus_pro.npy,Normal
../VAD_dataset/UCF-Crimes/UCF_Crimes/sbert_Caption_Features_janus/Normal_Videos202_x264_captions_janus_pro.npy,Normal
../VAD_dataset/UCF-Crimes/UCF_Crimes/sbert_Caption_Features_janus/Normal_Videos204_x264_captions_janus_pro.npy,Normal
../VAD_dataset/UCF-Crimes/UCF_Crimes/sbert_Caption_Features_janus/Normal_Videos205_x264_captions_janus_pro.npy,Normal
../VAD_dataset/UCF-Crimes/UCF_Crimes/sbert_Caption_Features_janus/Normal_Videos206_x264_captions_janus_pro.npy,Normal
../VAD_dataset/UCF-Crimes/UCF_Crimes/sbert_Caption_Features_janus/Normal_Videos207_x264_captions_janus_pro.npy,Normal
../VAD_dataset/UCF-Crimes/UCF_Crimes/sbert_Caption_Features_janus/Normal_Videos208_x264_captions_janus_pro.npy,Normal
../VAD_dataset/UCF-Crimes/UCF_Crimes/sbert_Caption_Features_janus/Normal_Videos209_x264_captions_janus_pro.npy,Normal
../VAD_dataset/UCF-Crimes/UCF_Crimes/sbert_Caption_Features_janus/Normal_Videos211_x264_captions_janus_pro.npy,Normal
../VAD_dataset/UCF-Crimes/UCF_Crimes/sbert_Caption_Features_janus/Normal_Videos212_x264_captions_janus_pro.npy,Normal
../VAD_dataset/UCF-Crimes/UCF_Crimes/sbert_Caption_Features_janus/Normal_Videos213_x264_captions_janus_pro.npy,Normal
../VAD_dataset/UCF-Crimes/UCF_Crimes/sbert_Caption_Features_janus/Normal_Videos214_x264_captions_janus_pro.npy,Normal
../VAD_dataset/UCF-Crimes/UCF_Crimes/sbert_Caption_Features_janus/Normal_Videos215_x264_captions_janus_pro.npy,Normal
../VAD_dataset/UCF-Crimes/UCF_Crimes/sbert_Caption_Features_janus/Normal_Videos216_x264_captions_janus_pro.npy,Normal
../VAD_dataset/UCF-Crimes/UCF_Crimes/sbert_Caption_Features_janus/Normal_Videos218_x264_captions_janus_pro.npy,Normal
../VAD_dataset/UCF-Crimes/UCF_Crimes/sbert_Caption_Features_janus/Normal_Videos219_x264_captions_janus_pro.npy,Normal
../VAD_dataset/UCF-Crimes/UCF_Crimes/sbert_Caption_Features_janus/Normal_Videos220_x264_captions_janus_pro.npy,Normal
../VAD_dataset/UCF-Crimes/UCF_Crimes/sbert_Caption_Features_janus/Normal_Videos221_x264_captions_janus_pro.npy,Normal
../VAD_dataset/UCF-Crimes/UCF_Crimes/sbert_Caption_Features_janus/Normal_Videos222_x264_captions_janus_pro.npy,Normal
../VAD_dataset/UCF-Crimes/UCF_Crimes/sbert_Caption_Features_janus/Normal_Videos223_x264_captions_janus_pro.npy,Normal
../VAD_dataset/UCF-Crimes/UCF_Crimes/sbert_Caption_Features_janus/Normal_Videos225_x264_captions_janus_pro.npy,Normal
../VAD_dataset/UCF-Crimes/UCF_Crimes/sbert_Caption_Features_janus/Normal_Videos226_x264_captions_janus_pro.npy,Normal
../VAD_dataset/UCF-Crimes/UCF_Crimes/sbert_Caption_Features_janus/Normal_Videos227_x264_captions_janus_pro.npy,Normal
../VAD_dataset/UCF-Crimes/UCF_Crimes/sbert_Caption_Features_janus/Normal_Videos228_x264_captions_janus_pro.npy,Normal
../VAD_dataset/UCF-Crimes/UCF_Crimes/sbert_Caption_Features_janus/Normal_Videos229_x264_captions_janus_pro.npy,Normal
../VAD_dataset/UCF-Crimes/UCF_Crimes/sbert_Caption_Features_janus/Normal_Videos230_x264_captions_janus_pro.npy,Normal
../VAD_dataset/UCF-Crimes/UCF_Crimes/sbert_Caption_Features_janus/Normal_Videos231_x264_captions_janus_pro.npy,Normal
../VAD_dataset/UCF-Crimes/UCF_Crimes/sbert_Caption_Features_janus/Normal_Videos232_x264_captions_janus_pro.npy,Normal
../VAD_dataset/UCF-Crimes/UCF_Crimes/sbert_Caption_Features_janus/Normal_Videos233_x264_captions_janus_pro.npy,Normal
../VAD_dataset/UCF-Crimes/UCF_Crimes/sbert_Caption_Features_janus/Normal_Videos234_x264_captions_janus_pro.npy,Normal
../VAD_dataset/UCF-Crimes/UCF_Crimes/sbert_Caption_Features_janus/Normal_Videos235_x264_captions_janus_pro.npy,Normal
../VAD_dataset/UCF-Crimes/UCF_Crimes/sbert_Caption_Features_janus/Normal_Videos236_x264_captions_janus_pro.npy,Normal
../VAD_dataset/UCF-Crimes/UCF_Crimes/sbert_Caption_Features_janus/Normal_Videos237_x264_captions_janus_pro.npy,Normal
../VAD_dataset/UCF-Crimes/UCF_Crimes/sbert_Caption_Features_janus/Normal_Videos238_x264_captions_janus_pro.npy,Normal
../VAD_dataset/UCF-Crimes/UCF_Crimes/sbert_Caption_Features_janus/Normal_Videos239_x264_captions_janus_pro.npy,Normal
../VAD_dataset/UCF-Crimes/UCF_Crimes/sbert_Caption_Features_janus/Normal_Videos240_x264_captions_janus_pro.npy,Normal
../VAD_dataset/UCF-Crimes/UCF_Crimes/sbert_Caption_Features_janus/Normal_Videos241_x264_captions_janus_pro.npy,Normal
../VAD_dataset/UCF-Crimes/UCF_Crimes/sbert_Caption_Features_janus/Normal_Videos242_x264_captions_janus_pro.npy,Normal
../VAD_dataset/UCF-Crimes/UCF_Crimes/sbert_Caption_Features_janus/Normal_Videos243_x264_captions_janus_pro.npy,Normal
../VAD_dataset/UCF-Crimes/UCF_Crimes/sbert_Caption_Features_janus/Normal_Videos244_x264_captions_janus_pro.npy,Normal
../VAD_dataset/UCF-Crimes/UCF_Crimes/sbert_Caption_Features_janus/Normal_Videos245_x264_captions_janus_pro.npy,Normal
../VAD_dataset/UCF-Crimes/UCF_Crimes/sbert_Caption_Features_janus/Normal_Videos249_x264_captions_janus_pro.npy,Normal
../VAD_dataset/UCF-Crimes/UCF_Crimes/sbert_Caption_Features_janus/Normal_Videos250_x264_captions_janus_pro.npy,Normal
../VAD_dataset/UCF-Crimes/UCF_Crimes/sbert_Caption_Features_janus/Normal_Videos252_x264_captions_janus_pro.npy,Normal
../VAD_dataset/UCF-Crimes/UCF_Crimes/sbert_Caption_Features_janus/Normal_Videos253_x264_captions_janus_pro.npy,Normal
../VAD_dataset/UCF-Crimes/UCF_Crimes/sbert_Caption_Features_janus/Normal_Videos254_x264_captions_janus_pro.npy,Normal
../VAD_dataset/UCF-Crimes/UCF_Crimes/sbert_Caption_Features_janus/Normal_Videos255_x264_captions_janus_pro.npy,Normal
../VAD_dataset/UCF-Crimes/UCF_Crimes/sbert_Caption_Features_janus/Normal_Videos256_x264_captions_janus_pro.npy,Normal
../VAD_dataset/UCF-Crimes/UCF_Crimes/sbert_Caption_Features_janus/Normal_Videos257_x264_captions_janus_pro.npy,Normal
../VAD_dataset/UCF-Crimes/UCF_Crimes/sbert_Caption_Features_janus/Normal_Videos258_x264_captions_janus_pro.npy,Normal
../VAD_dataset/UCF-Crimes/UCF_Crimes/sbert_Caption_Features_janus/Normal_Videos259_x264_captions_janus_pro.npy,Normal
../VAD_dataset/UCF-Crimes/UCF_Crimes/sbert_Caption_Features_janus/Normal_Videos260_x264_captions_janus_pro.npy,Normal
../VAD_dataset/UCF-Crimes/UCF_Crimes/sbert_Caption_Features_janus/Normal_Videos261_x264_captions_janus_pro.npy,Normal
../VAD_dataset/UCF-Crimes/UCF_Crimes/sbert_Caption_Features_janus/Normal_Videos262_x264_captions_janus_pro.npy,Normal
../VAD_dataset/UCF-Crimes/UCF_Crimes/sbert_Caption_Features_janus/Normal_Videos263_x264_captions_janus_pro.npy,Normal
../VAD_dataset/UCF-Crimes/UCF_Crimes/sbert_Caption_Features_janus/Normal_Videos264_x264_captions_janus_pro.npy,Normal
../VAD_dataset/UCF-Crimes/UCF_Crimes/sbert_Caption_Features_janus/Normal_Videos265_x264_captions_janus_pro.npy,Normal
../VAD_dataset/UCF-Crimes/UCF_Crimes/sbert_Caption_Features_janus/Normal_Videos266_x264_captions_janus_pro.npy,Normal
../VAD_dataset/UCF-Crimes/UCF_Crimes/sbert_Caption_Features_janus/Normal_Videos267_x264_captions_janus_pro.npy,Normal
../VAD_dataset/UCF-Crimes/UCF_Crimes/sbert_Caption_Features_janus/Normal_Videos268_x264_captions_janus_pro.npy,Normal
../VAD_dataset/UCF-Crimes/UCF_Crimes/sbert_Caption_Features_janus/Normal_Videos269_x264_captions_janus_pro.npy,Normal
../VAD_dataset/UCF-Crimes/UCF_Crimes/sbert_Caption_Features_janus/Normal_Videos270_x264_captions_janus_pro.npy,Normal
../VAD_dataset/UCF-Crimes/UCF_Crimes/sbert_Caption_Features_janus/Normal_Videos271_x264_captions_janus_pro.npy,Normal
../VAD_dataset/UCF-Crimes/UCF_Crimes/sbert_Caption_Features_janus/Normal_Videos272_x264_captions_janus_pro.npy,Normal
../VAD_dataset/UCF-Crimes/UCF_Crimes/sbert_Caption_Features_janus/Normal_Videos273_x264_captions_janus_pro.npy,Normal
../VAD_dataset/UCF-Crimes/UCF_Crimes/sbert_Caption_Features_janus/Normal_Videos274_x264_captions_janus_pro.npy,Normal
../VAD_dataset/UCF-Crimes/UCF_Crimes/sbert_Caption_Features_janus/Normal_Videos275_x264_captions_janus_pro.npy,Normal
../VAD_dataset/UCF-Crimes/UCF_Crimes/sbert_Caption_Features_janus/Normal_Videos276_x264_captions_janus_pro.npy,Normal
../VAD_dataset/UCF-Crimes/UCF_Crimes/sbert_Caption_Features_janus/Normal_Videos277_x264_captions_janus_pro.npy,Normal
../VAD_dataset/UCF-Crimes/UCF_Crimes/sbert_Caption_Features_janus/Normal_Videos278_x264_captions_janus_pro.npy,Normal
../VAD_dataset/UCF-Crimes/UCF_Crimes/sbert_Caption_Features_janus/Normal_Videos279_x264_captions_janus_pro.npy,Normal
../VAD_dataset/UCF-Crimes/UCF_Crimes/sbert_Caption_Features_janus/Normal_Videos280_x264_captions_janus_pro.npy,Normal
../VAD_dataset/UCF-Crimes/UCF_Crimes/sbert_Caption_Features_janus/Normal_Videos281_x264_captions_janus_pro.npy,Normal
../VAD_dataset/UCF-Crimes/UCF_Crimes/sbert_Caption_Features_janus/Normal_Videos282_x264_captions_janus_pro.npy,Normal
../VAD_dataset/UCF-Crimes/UCF_Crimes/sbert_Caption_Features_janus/Normal_Videos283_x264_captions_janus_pro.npy,Normal
../VAD_dataset/UCF-Crimes/UCF_Crimes/sbert_Caption_Features_janus/Normal_Videos284_x264_captions_janus_pro.npy,Normal
../VAD_dataset/UCF-Crimes/UCF_Crimes/sbert_Caption_Features_janus/Normal_Videos285_x264_captions_janus_pro.npy,Normal
../VAD_dataset/UCF-Crimes/UCF_Crimes/sbert_Caption_Features_janus/Normal_Videos286_x264_captions_janus_pro.npy,Normal
../VAD_dataset/UCF-Crimes/UCF_Crimes/sbert_Caption_Features_janus/Normal_Videos287_x264_captions_janus_pro.npy,Normal
../VAD_dataset/UCF-Crimes/UCF_Crimes/sbert_Caption_Features_janus/Normal_Videos288_x264_captions_janus_pro.npy,Normal
../VAD_dataset/UCF-Crimes/UCF_Crimes/sbert_Caption_Features_janus/Normal_Videos290_x264_captions_janus_pro.npy,Normal
../VAD_dataset/UCF-Crimes/UCF_Crimes/sbert_Caption_Features_janus/Normal_Videos291_x264_captions_janus_pro.npy,Normal
../VAD_dataset/UCF-Crimes/UCF_Crimes/sbert_Caption_Features_janus/Normal_Videos292_x264_captions_janus_pro.npy,Normal
../VAD_dataset/UCF-Crimes/UCF_Crimes/sbert_Caption_Features_janus/Normal_Videos293_x264_captions_janus_pro.npy,Normal
../VAD_dataset/UCF-Crimes/UCF_Crimes/sbert_Caption_Features_janus/Normal_Videos294_x264_captions_janus_pro.npy,Normal
../VAD_dataset/UCF-Crimes/UCF_Crimes/sbert_Caption_Features_janus/Normal_Videos295_x264_captions_janus_pro.npy,Normal
../VAD_dataset/UCF-Crimes/UCF_Crimes/sbert_Caption_Features_janus/Normal_Videos296_x264_captions_janus_pro.npy,Normal
../VAD_dataset/UCF-Crimes/UCF_Crimes/sbert_Caption_Features_janus/Normal_Videos297_x264_captions_janus_pro.npy,Normal
../VAD_dataset/UCF-Crimes/UCF_Crimes/sbert_Caption_Features_janus/Normal_Videos298_x264_captions_janus_pro.npy,Normal
../VAD_dataset/UCF-Crimes/UCF_Crimes/sbert_Caption_Features_janus/Normal_Videos299_x264_captions_janus_pro.npy,Normal
../VAD_dataset/UCF-Crimes/UCF_Crimes/sbert_Caption_Features_janus/Normal_Videos300_x264_captions_janus_pro.npy,Normal
../VAD_dataset/UCF-Crimes/UCF_Crimes/sbert_Caption_Features_janus/Normal_Videos301_x264_captions_janus_pro.npy,Normal
../VAD_dataset/UCF-Crimes/UCF_Crimes/sbert_Caption_Features_janus/Normal_Videos302_x264_captions_janus_pro.npy,Normal
../VAD_dataset/UCF-Crimes/UCF_Crimes/sbert_Caption_Features_janus/Normal_Videos303_x264_captions_janus_pro.npy,Normal
../VAD_dataset/UCF-Crimes/UCF_Crimes/sbert_Caption_Features_janus/Normal_Videos304_x264_captions_janus_pro.npy,Normal
../VAD_dataset/UCF-Crimes/UCF_Crimes/sbert_Caption_Features_janus/Normal_Videos305_x264_captions_janus_pro.npy,Normal
../VAD_dataset/UCF-Crimes/UCF_Crimes/sbert_Caption_Features_janus/Normal_Videos306_x264_captions_janus_pro.npy,Normal
../VAD_dataset/UCF-Crimes/UCF_Crimes/sbert_Caption_Features_janus/Normal_Videos307_x264_captions_janus_pro.npy,Normal
../VAD_dataset/UCF-Crimes/UCF_Crimes/sbert_Caption_Features_janus/Normal_Videos308_x264_captions_janus_pro.npy,Normal
../VAD_dataset/UCF-Crimes/UCF_Crimes/sbert_Caption_Features_janus/Normal_Videos309_x264_captions_janus_pro.npy,Normal
../VAD_dataset/UCF-Crimes/UCF_Crimes/sbert_Caption_Features_janus/Normal_Videos311_x264_captions_janus_pro.npy,Normal
../VAD_dataset/UCF-Crimes/UCF_Crimes/sbert_Caption_Features_janus/Normal_Videos313_x264_captions_janus_pro.npy,Normal
../VAD_dataset/UCF-Crimes/UCF_Crimes/sbert_Caption_Features_janus/Normal_Videos314_x264_captions_janus_pro.npy,Normal
../VAD_dataset/UCF-Crimes/UCF_Crimes/sbert_Caption_Features_janus/Normal_Videos315_x264_captions_janus_pro.npy,Normal
../VAD_dataset/UCF-Crimes/UCF_Crimes/sbert_Caption_Features_janus/Normal_Videos316_x264_captions_janus_pro.npy,Normal
../VAD_dataset/UCF-Crimes/UCF_Crimes/sbert_Caption_Features_janus/Normal_Videos318_x264_captions_janus_pro.npy,Normal
../VAD_dataset/UCF-Crimes/UCF_Crimes/sbert_Caption_Features_janus/Normal_Videos319_x264_captions_janus_pro.npy,Normal
../VAD_dataset/UCF-Crimes/UCF_Crimes/sbert_Caption_Features_janus/Normal_Videos320_x264_captions_janus_pro.npy,Normal
../VAD_dataset/UCF-Crimes/UCF_Crimes/sbert_Caption_Features_janus/Normal_Videos321_x264_captions_janus_pro.npy,Normal
../VAD_dataset/UCF-Crimes/UCF_Crimes/sbert_Caption_Features_janus/Normal_Videos322_x264_captions_janus_pro.npy,Normal
../VAD_dataset/UCF-Crimes/UCF_Crimes/sbert_Caption_Features_janus/Normal_Videos323_x264_captions_janus_pro.npy,Normal
../VAD_dataset/UCF-Crimes/UCF_Crimes/sbert_Caption_Features_janus/Normal_Videos324_x264_captions_janus_pro.npy,Normal
../VAD_dataset/UCF-Crimes/UCF_Crimes/sbert_Caption_Features_janus/Normal_Videos325_x264_captions_janus_pro.npy,Normal
../VAD_dataset/UCF-Crimes/UCF_Crimes/sbert_Caption_Features_janus/Normal_Videos326_x264_captions_janus_pro.npy,Normal
../VAD_dataset/UCF-Crimes/UCF_Crimes/sbert_Caption_Features_janus/Normal_Videos327_x264_captions_janus_pro.npy,Normal
../VAD_dataset/UCF-Crimes/UCF_Crimes/sbert_Caption_Features_janus/Normal_Videos328_x264_captions_janus_pro.npy,Normal
../VAD_dataset/UCF-Crimes/UCF_Crimes/sbert_Caption_Features_janus/Normal_Videos329_x264_captions_janus_pro.npy,Normal
../VAD_dataset/UCF-Crimes/UCF_Crimes/sbert_Caption_Features_janus/Normal_Videos330_x264_captions_janus_pro.npy,Normal
../VAD_dataset/UCF-Crimes/UCF_Crimes/sbert_Caption_Features_janus/Normal_Videos331_x264_captions_janus_pro.npy,Normal
../VAD_dataset/UCF-Crimes/UCF_Crimes/sbert_Caption_Features_janus/Normal_Videos332_x264_captions_janus_pro.npy,Normal
../VAD_dataset/UCF-Crimes/UCF_Crimes/sbert_Caption_Features_janus/Normal_Videos333_x264_captions_janus_pro.npy,Normal
../VAD_dataset/UCF-Crimes/UCF_Crimes/sbert_Caption_Features_janus/Normal_Videos334_x264_captions_janus_pro.npy,Normal
../VAD_dataset/UCF-Crimes/UCF_Crimes/sbert_Caption_Features_janus/Normal_Videos335_x264_captions_janus_pro.npy,Normal
../VAD_dataset/UCF-Crimes/UCF_Crimes/sbert_Caption_Features_janus/Normal_Videos336_x264_captions_janus_pro.npy,Normal
../VAD_dataset/UCF-Crimes/UCF_Crimes/sbert_Caption_Features_janus/Normal_Videos337_x264_captions_janus_pro.npy,Normal
../VAD_dataset/UCF-Crimes/UCF_Crimes/sbert_Caption_Features_janus/Normal_Videos338_x264_captions_janus_pro.npy,Normal
../VAD_dataset/UCF-Crimes/UCF_Crimes/sbert_Caption_Features_janus/Normal_Videos339_x264_captions_janus_pro.npy,Normal
../VAD_dataset/UCF-Crimes/UCF_Crimes/sbert_Caption_Features_janus/Normal_Videos340_x264_captions_janus_pro.npy,Normal
../VAD_dataset/UCF-Crimes/UCF_Crimes/sbert_Caption_Features_janus/Normal_Videos341_x264_captions_janus_pro.npy,Normal
../VAD_dataset/UCF-Crimes/UCF_Crimes/sbert_Caption_Features_janus/Normal_Videos342_x264_captions_janus_pro.npy,Normal
../VAD_dataset/UCF-Crimes/UCF_Crimes/sbert_Caption_Features_janus/Normal_Videos343_x264_captions_janus_pro.npy,Normal
../VAD_dataset/UCF-Crimes/UCF_Crimes/sbert_Caption_Features_janus/Normal_Videos344_x264_captions_janus_pro.npy,Normal
../VAD_dataset/UCF-Crimes/UCF_Crimes/sbert_Caption_Features_janus/Normal_Videos346_x264_captions_janus_pro.npy,Normal
../VAD_dataset/UCF-Crimes/UCF_Crimes/sbert_Caption_Features_janus/Normal_Videos347_x264_captions_janus_pro.npy,Normal
../VAD_dataset/UCF-Crimes/UCF_Crimes/sbert_Caption_Features_janus/Normal_Videos348_x264_captions_janus_pro.npy,Normal
../VAD_dataset/UCF-Crimes/UCF_Crimes/sbert_Caption_Features_janus/Normal_Videos349_x264_captions_janus_pro.npy,Normal
../VAD_dataset/UCF-Crimes/UCF_Crimes/sbert_Caption_Features_janus/Normal_Videos350_x264_captions_janus_pro.npy,Normal
../VAD_dataset/UCF-Crimes/UCF_Crimes/sbert_Caption_Features_janus/Normal_Videos351_x264_captions_janus_pro.npy,Normal
../VAD_dataset/UCF-Crimes/UCF_Crimes/sbert_Caption_Features_janus/Normal_Videos353_x264_captions_janus_pro.npy,Normal
../VAD_dataset/UCF-Crimes/UCF_Crimes/sbert_Caption_Features_janus/Normal_Videos354_x264_captions_janus_pro.npy,Normal
../VAD_dataset/UCF-Crimes/UCF_Crimes/sbert_Caption_Features_janus/Normal_Videos355_x264_captions_janus_pro.npy,Normal
../VAD_dataset/UCF-Crimes/UCF_Crimes/sbert_Caption_Features_janus/Normal_Videos356_x264_captions_janus_pro.npy,Normal
../VAD_dataset/UCF-Crimes/UCF_Crimes/sbert_Caption_Features_janus/Normal_Videos357_x264_captions_janus_pro.npy,Normal
../VAD_dataset/UCF-Crimes/UCF_Crimes/sbert_Caption_Features_janus/Normal_Videos358_x264_captions_janus_pro.npy,Normal
../VAD_dataset/UCF-Crimes/UCF_Crimes/sbert_Caption_Features_janus/Normal_Videos359_x264_captions_janus_pro.npy,Normal
../VAD_dataset/UCF-Crimes/UCF_Crimes/sbert_Caption_Features_janus/Normal_Videos361_x264_captions_janus_pro.npy,Normal
../VAD_dataset/UCF-Crimes/UCF_Crimes/sbert_Caption_Features_janus/Normal_Videos362_x264_captions_janus_pro.npy,Normal
../VAD_dataset/UCF-Crimes/UCF_Crimes/sbert_Caption_Features_janus/Normal_Videos363_x264_captions_janus_pro.npy,Normal
../VAD_dataset/UCF-Crimes/UCF_Crimes/sbert_Caption_Features_janus/Normal_Videos364_x264_captions_janus_pro.npy,Normal
../VAD_dataset/UCF-Crimes/UCF_Crimes/sbert_Caption_Features_janus/Normal_Videos366_x264_captions_janus_pro.npy,Normal
../VAD_dataset/UCF-Crimes/UCF_Crimes/sbert_Caption_Features_janus/Normal_Videos367_x264_captions_janus_pro.npy,Normal
../VAD_dataset/UCF-Crimes/UCF_Crimes/sbert_Caption_Features_janus/Normal_Videos368_x264_captions_janus_pro.npy,Normal
../VAD_dataset/UCF-Crimes/UCF_Crimes/sbert_Caption_Features_janus/Normal_Videos369_x264_captions_janus_pro.npy,Normal
../VAD_dataset/UCF-Crimes/UCF_Crimes/sbert_Caption_Features_janus/Normal_Videos370_x264_captions_janus_pro.npy,Normal
../VAD_dataset/UCF-Crimes/UCF_Crimes/sbert_Caption_Features_janus/Normal_Videos371_x264_captions_janus_pro.npy,Normal
../VAD_dataset/UCF-Crimes/UCF_Crimes/sbert_Caption_Features_janus/Normal_Videos372_x264_captions_janus_pro.npy,Normal
../VAD_dataset/UCF-Crimes/UCF_Crimes/sbert_Caption_Features_janus/Normal_Videos373_x264_captions_janus_pro.npy,Normal
../VAD_dataset/UCF-Crimes/UCF_Crimes/sbert_Caption_Features_janus/Normal_Videos374_x264_captions_janus_pro.npy,Normal
../VAD_dataset/UCF-Crimes/UCF_Crimes/sbert_Caption_Features_janus/Normal_Videos375_x264_captions_janus_pro.npy,Normal
../VAD_dataset/UCF-Crimes/UCF_Crimes/sbert_Caption_Features_janus/Normal_Videos376_x264_captions_janus_pro.npy,Normal
../VAD_dataset/UCF-Crimes/UCF_Crimes/sbert_Caption_Features_janus/Normal_Videos377_x264_captions_janus_pro.npy,Normal
../VAD_dataset/UCF-Crimes/UCF_Crimes/sbert_Caption_Features_janus/Normal_Videos378_x264_captions_janus_pro.npy,Normal
../VAD_dataset/UCF-Crimes/UCF_Crimes/sbert_Caption_Features_janus/Normal_Videos379_x264_captions_janus_pro.npy,Normal
../VAD_dataset/UCF-Crimes/UCF_Crimes/sbert_Caption_Features_janus/Normal_Videos380_x264_captions_janus_pro.npy,Normal
../VAD_dataset/UCF-Crimes/UCF_Crimes/sbert_Caption_Features_janus/Normal_Videos381_x264_captions_janus_pro.npy,Normal
../VAD_dataset/UCF-Crimes/UCF_Crimes/sbert_Caption_Features_janus/Normal_Videos382_x264_captions_janus_pro.npy,Normal
../VAD_dataset/UCF-Crimes/UCF_Crimes/sbert_Caption_Features_janus/Normal_Videos383_x264_captions_janus_pro.npy,Normal
../VAD_dataset/UCF-Crimes/UCF_Crimes/sbert_Caption_Features_janus/Normal_Videos384_x264_captions_janus_pro.npy,Normal
../VAD_dataset/UCF-Crimes/UCF_Crimes/sbert_Caption_Features_janus/Normal_Videos385_x264_captions_janus_pro.npy,Normal
../VAD_dataset/UCF-Crimes/UCF_Crimes/sbert_Caption_Features_janus/Normal_Videos386_x264_captions_janus_pro.npy,Normal
../VAD_dataset/UCF-Crimes/UCF_Crimes/sbert_Caption_Features_janus/Normal_Videos387_x264_captions_janus_pro.npy,Normal
../VAD_dataset/UCF-Crimes/UCF_Crimes/sbert_Caption_Features_janus/Normal_Videos388_x264_captions_janus_pro.npy,Normal
../VAD_dataset/UCF-Crimes/UCF_Crimes/sbert_Caption_Features_janus/Normal_Videos389_x264_captions_janus_pro.npy,Normal
../VAD_dataset/UCF-Crimes/UCF_Crimes/sbert_Caption_Features_janus/Normal_Videos390_x264_captions_janus_pro.npy,Normal
../VAD_dataset/UCF-Crimes/UCF_Crimes/sbert_Caption_Features_janus/Normal_Videos391_x264_captions_janus_pro.npy,Normal
../VAD_dataset/UCF-Crimes/UCF_Crimes/sbert_Caption_Features_janus/Normal_Videos392_x264_captions_janus_pro.npy,Normal
../VAD_dataset/UCF-Crimes/UCF_Crimes/sbert_Caption_Features_janus/Normal_Videos393_x264_captions_janus_pro.npy,Normal
../VAD_dataset/UCF-Crimes/UCF_Crimes/sbert_Caption_Features_janus/Normal_Videos394_x264_captions_janus_pro.npy,Normal
../VAD_dataset/UCF-Crimes/UCF_Crimes/sbert_Caption_Features_janus/Normal_Videos395_x264_captions_janus_pro.npy,Normal
../VAD_dataset/UCF-Crimes/UCF_Crimes/sbert_Caption_Features_janus/Normal_Videos396_x264_captions_janus_pro.npy,Normal
../VAD_dataset/UCF-Crimes/UCF_Crimes/sbert_Caption_Features_janus/Normal_Videos397_x264_captions_janus_pro.npy,Normal
../VAD_dataset/UCF-Crimes/UCF_Crimes/sbert_Caption_Features_janus/Normal_Videos398_x264_captions_janus_pro.npy,Normal
../VAD_dataset/UCF-Crimes/UCF_Crimes/sbert_Caption_Features_janus/Normal_Videos399_x264_captions_janus_pro.npy,Normal
../VAD_dataset/UCF-Crimes/UCF_Crimes/sbert_Caption_Features_janus/Normal_Videos400_x264_captions_janus_pro.npy,Normal
../VAD_dataset/UCF-Crimes/UCF_Crimes/sbert_Caption_Features_janus/Normal_Videos402_x264_captions_janus_pro.npy,Normal
../VAD_dataset/UCF-Crimes/UCF_Crimes/sbert_Caption_Features_janus/Normal_Videos403_x264_captions_janus_pro.npy,Normal
../VAD_dataset/UCF-Crimes/UCF_Crimes/sbert_Caption_Features_janus/Normal_Videos404_x264_captions_janus_pro.npy,Normal
../VAD_dataset/UCF-Crimes/UCF_Crimes/sbert_Caption_Features_janus/Normal_Videos405_x264_captions_janus_pro.npy,Normal
../VAD_dataset/UCF-Crimes/UCF_Crimes/sbert_Caption_Features_janus/Normal_Videos406_x264_captions_janus_pro.npy,Normal
../VAD_dataset/UCF-Crimes/UCF_Crimes/sbert_Caption_Features_janus/Normal_Videos407_x264_captions_janus_pro.npy,Normal
../VAD_dataset/UCF-Crimes/UCF_Crimes/sbert_Caption_Features_janus/Normal_Videos408_x264_captions_janus_pro.npy,Normal
../VAD_dataset/UCF-Crimes/UCF_Crimes/sbert_Caption_Features_janus/Normal_Videos409_x264_captions_janus_pro.npy,Normal
../VAD_dataset/UCF-Crimes/UCF_Crimes/sbert_Caption_Features_janus/Normal_Videos410_x264_captions_janus_pro.npy,Normal
../VAD_dataset/UCF-Crimes/UCF_Crimes/sbert_Caption_Features_janus/Normal_Videos411_x264_captions_janus_pro.npy,Normal
../VAD_dataset/UCF-Crimes/UCF_Crimes/sbert_Caption_Features_janus/Normal_Videos412_x264_captions_janus_pro.npy,Normal
../VAD_dataset/UCF-Crimes/UCF_Crimes/sbert_Caption_Features_janus/Normal_Videos413_x264_captions_janus_pro.npy,Normal
../VAD_dataset/UCF-Crimes/UCF_Crimes/sbert_Caption_Features_janus/Normal_Videos414_x264_captions_janus_pro.npy,Normal
../VAD_dataset/UCF-Crimes/UCF_Crimes/sbert_Caption_Features_janus/Normal_Videos415_x264_captions_janus_pro.npy,Normal
../VAD_dataset/UCF-Crimes/UCF_Crimes/sbert_Caption_Features_janus/Normal_Videos416_x264_captions_janus_pro.npy,Normal
../VAD_dataset/UCF-Crimes/UCF_Crimes/sbert_Caption_Features_janus/Normal_Videos418_x264_captions_janus_pro.npy,Normal
../VAD_dataset/UCF-Crimes/UCF_Crimes/sbert_Caption_Features_janus/Normal_Videos419_x264_captions_janus_pro.npy,Normal
../VAD_dataset/UCF-Crimes/UCF_Crimes/sbert_Caption_Features_janus/Normal_Videos420_x264_captions_janus_pro.npy,Normal
../VAD_dataset/UCF-Crimes/UCF_Crimes/sbert_Caption_Features_janus/Normal_Videos421_x264_captions_janus_pro.npy,Normal
../VAD_dataset/UCF-Crimes/UCF_Crimes/sbert_Caption_Features_janus/Normal_Videos422_x264_captions_janus_pro.npy,Normal
../VAD_dataset/UCF-Crimes/UCF_Crimes/sbert_Caption_Features_janus/Normal_Videos423_x264_captions_janus_pro.npy,Normal
../VAD_dataset/UCF-Crimes/UCF_Crimes/sbert_Caption_Features_janus/Normal_Videos424_x264_captions_janus_pro.npy,Normal
../VAD_dataset/UCF-Crimes/UCF_Crimes/sbert_Caption_Features_janus/Normal_Videos425_x264_captions_janus_pro.npy,Normal
../VAD_dataset/UCF-Crimes/UCF_Crimes/sbert_Caption_Features_janus/Normal_Videos426_x264_captions_janus_pro.npy,Normal
../VAD_dataset/UCF-Crimes/UCF_Crimes/sbert_Caption_Features_janus/Normal_Videos427_x264_captions_janus_pro.npy,Normal
../VAD_dataset/UCF-Crimes/UCF_Crimes/sbert_Caption_Features_janus/Normal_Videos428_x264_captions_janus_pro.npy,Normal
../VAD_dataset/UCF-Crimes/UCF_Crimes/sbert_Caption_Features_janus/Normal_Videos429_x264_captions_janus_pro.npy,Normal
../VAD_dataset/UCF-Crimes/UCF_Crimes/sbert_Caption_Features_janus/Normal_Videos430_x264_captions_janus_pro.npy,Normal
../VAD_dataset/UCF-Crimes/UCF_Crimes/sbert_Caption_Features_janus/Normal_Videos431_x264_captions_janus_pro.npy,Normal
../VAD_dataset/UCF-Crimes/UCF_Crimes/sbert_Caption_Features_janus/Normal_Videos432_x264_captions_janus_pro.npy,Normal
../VAD_dataset/UCF-Crimes/UCF_Crimes/sbert_Caption_Features_janus/Normal_Videos433_x264_captions_janus_pro.npy,Normal
../VAD_dataset/UCF-Crimes/UCF_Crimes/sbert_Caption_Features_janus/Normal_Videos434_x264_captions_janus_pro.npy,Normal
../VAD_dataset/UCF-Crimes/UCF_Crimes/sbert_Caption_Features_janus/Normal_Videos435_x264_captions_janus_pro.npy,Normal
../VAD_dataset/UCF-Crimes/UCF_Crimes/sbert_Caption_Features_janus/Normal_Videos436_x264_captions_janus_pro.npy,Normal
../VAD_dataset/UCF-Crimes/UCF_Crimes/sbert_Caption_Features_janus/Normal_Videos437_x264_captions_janus_pro.npy,Normal
../VAD_dataset/UCF-Crimes/UCF_Crimes/sbert_Caption_Features_janus/Normal_Videos438_x264_captions_janus_pro.npy,Normal
../VAD_dataset/UCF-Crimes/UCF_Crimes/sbert_Caption_Features_janus/Normal_Videos440_x264_captions_janus_pro.npy,Normal
../VAD_dataset/UCF-Crimes/UCF_Crimes/sbert_Caption_Features_janus/Normal_Videos441_x264_captions_janus_pro.npy,Normal
../VAD_dataset/UCF-Crimes/UCF_Crimes/sbert_Caption_Features_janus/Normal_Videos442_x264_captions_janus_pro.npy,Normal
../VAD_dataset/UCF-Crimes/UCF_Crimes/sbert_Caption_Features_janus/Normal_Videos443_x264_captions_janus_pro.npy,Normal
../VAD_dataset/UCF-Crimes/UCF_Crimes/sbert_Caption_Features_janus/Normal_Videos444_x264_captions_janus_pro.npy,Normal
../VAD_dataset/UCF-Crimes/UCF_Crimes/sbert_Caption_Features_janus/Normal_Videos445_x264_captions_janus_pro.npy,Normal
../VAD_dataset/UCF-Crimes/UCF_Crimes/sbert_Caption_Features_janus/Normal_Videos446_x264_captions_janus_pro.npy,Normal
../VAD_dataset/UCF-Crimes/UCF_Crimes/sbert_Caption_Features_janus/Normal_Videos447_x264_captions_janus_pro.npy,Normal
../VAD_dataset/UCF-Crimes/UCF_Crimes/sbert_Caption_Features_janus/Normal_Videos448_x264_captions_janus_pro.npy,Normal
../VAD_dataset/UCF-Crimes/UCF_Crimes/sbert_Caption_Features_janus/Normal_Videos449_x264_captions_janus_pro.npy,Normal
../VAD_dataset/UCF-Crimes/UCF_Crimes/sbert_Caption_Features_janus/Normal_Videos450_x264_captions_janus_pro.npy,Normal
../VAD_dataset/UCF-Crimes/UCF_Crimes/sbert_Caption_Features_janus/Normal_Videos451_x264_captions_janus_pro.npy,Normal
../VAD_dataset/UCF-Crimes/UCF_Crimes/sbert_Caption_Features_janus/Normal_Videos454_x264_captions_janus_pro.npy,Normal
../VAD_dataset/UCF-Crimes/UCF_Crimes/sbert_Caption_Features_janus/Normal_Videos455_x264_captions_janus_pro.npy,Normal
../VAD_dataset/UCF-Crimes/UCF_Crimes/sbert_Caption_Features_janus/Normal_Videos456_x264_captions_janus_pro.npy,Normal
../VAD_dataset/UCF-Crimes/UCF_Crimes/sbert_Caption_Features_janus/Normal_Videos457_x264_captions_janus_pro.npy,Normal
../VAD_dataset/UCF-Crimes/UCF_Crimes/sbert_Caption_Features_janus/Normal_Videos458_x264_captions_janus_pro.npy,Normal
../VAD_dataset/UCF-Crimes/UCF_Crimes/sbert_Caption_Features_janus/Normal_Videos459_x264_captions_janus_pro.npy,Normal
../VAD_dataset/UCF-Crimes/UCF_Crimes/sbert_Caption_Features_janus/Normal_Videos460_x264_captions_janus_pro.npy,Normal
../VAD_dataset/UCF-Crimes/UCF_Crimes/sbert_Caption_Features_janus/Normal_Videos461_x264_captions_janus_pro.npy,Normal
../VAD_dataset/UCF-Crimes/UCF_Crimes/sbert_Caption_Features_janus/Normal_Videos462_x264_captions_janus_pro.npy,Normal
../VAD_dataset/UCF-Crimes/UCF_Crimes/sbert_Caption_Features_janus/Normal_Videos463_x264_captions_janus_pro.npy,Normal
../VAD_dataset/UCF-Crimes/UCF_Crimes/sbert_Caption_Features_janus/Normal_Videos464_x264_captions_janus_pro.npy,Normal
../VAD_dataset/UCF-Crimes/UCF_Crimes/sbert_Caption_Features_janus/Normal_Videos465_x264_captions_janus_pro.npy,Normal
../VAD_dataset/UCF-Crimes/UCF_Crimes/sbert_Caption_Features_janus/Normal_Videos466_x264_captions_janus_pro.npy,Normal
../VAD_dataset/UCF-Crimes/UCF_Crimes/sbert_Caption_Features_janus/Normal_Videos467_x264_captions_janus_pro.npy,Normal
../VAD_dataset/UCF-Crimes/UCF_Crimes/sbert_Caption_Features_janus/Normal_Videos468_x264_captions_janus_pro.npy,Normal
../VAD_dataset/UCF-Crimes/UCF_Crimes/sbert_Caption_Features_janus/Normal_Videos469_x264_captions_janus_pro.npy,Normal
../VAD_dataset/UCF-Crimes/UCF_Crimes/sbert_Caption_Features_janus/Normal_Videos470_x264_captions_janus_pro.npy,Normal
../VAD_dataset/UCF-Crimes/UCF_Crimes/sbert_Caption_Features_janus/Normal_Videos471_x264_captions_janus_pro.npy,Normal
../VAD_dataset/UCF-Crimes/UCF_Crimes/sbert_Caption_Features_janus/Normal_Videos472_x264_captions_janus_pro.npy,Normal
../VAD_dataset/UCF-Crimes/UCF_Crimes/sbert_Caption_Features_janus/Normal_Videos473_x264_captions_janus_pro.npy,Normal
../VAD_dataset/UCF-Crimes/UCF_Crimes/sbert_Caption_Features_janus/Normal_Videos474_x264_captions_janus_pro.npy,Normal
../VAD_dataset/UCF-Crimes/UCF_Crimes/sbert_Caption_Features_janus/Normal_Videos475_x264_captions_janus_pro.npy,Normal
../VAD_dataset/UCF-Crimes/UCF_Crimes/sbert_Caption_Features_janus/Normal_Videos476_x264_captions_janus_pro.npy,Normal
../VAD_dataset/UCF-Crimes/UCF_Crimes/sbert_Caption_Features_janus/Normal_Videos477_x264_captions_janus_pro.npy,Normal
../VAD_dataset/UCF-Crimes/UCF_Crimes/sbert_Caption_Features_janus/Normal_Videos479_x264_captions_janus_pro.npy,Normal
../VAD_dataset/UCF-Crimes/UCF_Crimes/sbert_Caption_Features_janus/Normal_Videos480_x264_captions_janus_pro.npy,Normal
../VAD_dataset/UCF-Crimes/UCF_Crimes/sbert_Caption_Features_janus/Normal_Videos481_x264_captions_janus_pro.npy,Normal
../VAD_dataset/UCF-Crimes/UCF_Crimes/sbert_Caption_Features_janus/Normal_Videos482_x264_captions_janus_pro.npy,Normal
../VAD_dataset/UCF-Crimes/UCF_Crimes/sbert_Caption_Features_janus/Normal_Videos483_x264_captions_janus_pro.npy,Normal
../VAD_dataset/UCF-Crimes/UCF_Crimes/sbert_Caption_Features_janus/Normal_Videos484_x264_captions_janus_pro.npy,Normal
../VAD_dataset/UCF-Crimes/UCF_Crimes/sbert_Caption_Features_janus/Normal_Videos485_x264_captions_janus_pro.npy,Normal
../VAD_dataset/UCF-Crimes/UCF_Crimes/sbert_Caption_Features_janus/Normal_Videos486_x264_captions_janus_pro.npy,Normal
../VAD_dataset/UCF-Crimes/UCF_Crimes/sbert_Caption_Features_janus/Normal_Videos487_x264_captions_janus_pro.npy,Normal
../VAD_dataset/UCF-Crimes/UCF_Crimes/sbert_Caption_Features_janus/Normal_Videos488_x264_captions_janus_pro.npy,Normal
../VAD_dataset/UCF-Crimes/UCF_Crimes/sbert_Caption_Features_janus/Normal_Videos489_x264_captions_janus_pro.npy,Normal
../VAD_dataset/UCF-Crimes/UCF_Crimes/sbert_Caption_Features_janus/Normal_Videos490_x264_captions_janus_pro.npy,Normal
../VAD_dataset/UCF-Crimes/UCF_Crimes/sbert_Caption_Features_janus/Normal_Videos491_x264_captions_janus_pro.npy,Normal
../VAD_dataset/UCF-Crimes/UCF_Crimes/sbert_Caption_Features_janus/Normal_Videos492_x264_captions_janus_pro.npy,Normal
../VAD_dataset/UCF-Crimes/UCF_Crimes/sbert_Caption_Features_janus/Normal_Videos493_x264_captions_janus_pro.npy,Normal
../VAD_dataset/UCF-Crimes/UCF_Crimes/sbert_Caption_Features_janus/Normal_Videos494_x264_captions_janus_pro.npy,Normal
../VAD_dataset/UCF-Crimes/UCF_Crimes/sbert_Caption_Features_janus/Normal_Videos495_x264_captions_janus_pro.npy,Normal
../VAD_dataset/UCF-Crimes/UCF_Crimes/sbert_Caption_Features_janus/Normal_Videos496_x264_captions_janus_pro.npy,Normal
../VAD_dataset/UCF-Crimes/UCF_Crimes/sbert_Caption_Features_janus/Normal_Videos497_x264_captions_janus_pro.npy,Normal
../VAD_dataset/UCF-Crimes/UCF_Crimes/sbert_Caption_Features_janus/Normal_Videos498_x264_captions_janus_pro.npy,Normal
../VAD_dataset/UCF-Crimes/UCF_Crimes/sbert_Caption_Features_janus/Normal_Videos499_x264_captions_janus_pro.npy,Normal
../VAD_dataset/UCF-Crimes/UCF_Crimes/sbert_Caption_Features_janus/Normal_Videos500_x264_captions_janus_pro.npy,Normal
../VAD_dataset/UCF-Crimes/UCF_Crimes/sbert_Caption_Features_janus/Normal_Videos501_x264_captions_janus_pro.npy,Normal
../VAD_dataset/UCF-Crimes/UCF_Crimes/sbert_Caption_Features_janus/Normal_Videos502_x264_captions_janus_pro.npy,Normal
../VAD_dataset/UCF-Crimes/UCF_Crimes/sbert_Caption_Features_janus/Normal_Videos503_x264_captions_janus_pro.npy,Normal
../VAD_dataset/UCF-Crimes/UCF_Crimes/sbert_Caption_Features_janus/Normal_Videos504_x264_captions_janus_pro.npy,Normal
../VAD_dataset/UCF-Crimes/UCF_Crimes/sbert_Caption_Features_janus/Normal_Videos505_x264_captions_janus_pro.npy,Normal
../VAD_dataset/UCF-Crimes/UCF_Crimes/sbert_Caption_Features_janus/Normal_Videos506_x264_captions_janus_pro.npy,Normal
../VAD_dataset/UCF-Crimes/UCF_Crimes/sbert_Caption_Features_janus/Normal_Videos507_x264_captions_janus_pro.npy,Normal
../VAD_dataset/UCF-Crimes/UCF_Crimes/sbert_Caption_Features_janus/Normal_Videos508_x264_captions_janus_pro.npy,Normal
../VAD_dataset/UCF-Crimes/UCF_Crimes/sbert_Caption_Features_janus/Normal_Videos509_x264_captions_janus_pro.npy,Normal
../VAD_dataset/UCF-Crimes/UCF_Crimes/sbert_Caption_Features_janus/Normal_Videos510_x264_captions_janus_pro.npy,Normal
../VAD_dataset/UCF-Crimes/UCF_Crimes/sbert_Caption_Features_janus/Normal_Videos511_x264_captions_janus_pro.npy,Normal
../VAD_dataset/UCF-Crimes/UCF_Crimes/sbert_Caption_Features_janus/Normal_Videos512_x264_captions_janus_pro.npy,Normal
../VAD_dataset/UCF-Crimes/UCF_Crimes/sbert_Caption_Features_janus/Normal_Videos513_x264_captions_janus_pro.npy,Normal
../VAD_dataset/UCF-Crimes/UCF_Crimes/sbert_Caption_Features_janus/Normal_Videos514_x264_captions_janus_pro.npy,Normal
../VAD_dataset/UCF-Crimes/UCF_Crimes/sbert_Caption_Features_janus/Normal_Videos515_x264_captions_janus_pro.npy,Normal
../VAD_dataset/UCF-Crimes/UCF_Crimes/sbert_Caption_Features_janus/Normal_Videos516_x264_captions_janus_pro.npy,Normal
../VAD_dataset/UCF-Crimes/UCF_Crimes/sbert_Caption_Features_janus/Normal_Videos517_x264_captions_janus_pro.npy,Normal
../VAD_dataset/UCF-Crimes/UCF_Crimes/sbert_Caption_Features_janus/Normal_Videos518_x264_captions_janus_pro.npy,Normal
../VAD_dataset/UCF-Crimes/UCF_Crimes/sbert_Caption_Features_janus/Normal_Videos519_x264_captions_janus_pro.npy,Normal
../VAD_dataset/UCF-Crimes/UCF_Crimes/sbert_Caption_Features_janus/Normal_Videos520_x264_captions_janus_pro.npy,Normal
../VAD_dataset/UCF-Crimes/UCF_Crimes/sbert_Caption_Features_janus/Normal_Videos521_x264_captions_janus_pro.npy,Normal
../VAD_dataset/UCF-Crimes/UCF_Crimes/sbert_Caption_Features_janus/Normal_Videos522_x264_captions_janus_pro.npy,Normal
../VAD_dataset/UCF-Crimes/UCF_Crimes/sbert_Caption_Features_janus/Normal_Videos523_x264_captions_janus_pro.npy,Normal
../VAD_dataset/UCF-Crimes/UCF_Crimes/sbert_Caption_Features_janus/Normal_Videos524_x264_captions_janus_pro.npy,Normal
../VAD_dataset/UCF-Crimes/UCF_Crimes/sbert_Caption_Features_janus/Normal_Videos525_x264_captions_janus_pro.npy,Normal
../VAD_dataset/UCF-Crimes/UCF_Crimes/sbert_Caption_Features_janus/Normal_Videos526_x264_captions_janus_pro.npy,Normal
../VAD_dataset/UCF-Crimes/UCF_Crimes/sbert_Caption_Features_janus/Normal_Videos527_x264_captions_janus_pro.npy,Normal
../VAD_dataset/UCF-Crimes/UCF_Crimes/sbert_Caption_Features_janus/Normal_Videos528_x264_captions_janus_pro.npy,Normal
../VAD_dataset/UCF-Crimes/UCF_Crimes/sbert_Caption_Features_janus/Normal_Videos529_x264_captions_janus_pro.npy,Normal
../VAD_dataset/UCF-Crimes/UCF_Crimes/sbert_Caption_Features_janus/Normal_Videos530_x264_captions_janus_pro.npy,Normal
../VAD_dataset/UCF-Crimes/UCF_Crimes/sbert_Caption_Features_janus/Normal_Videos531_x264_captions_janus_pro.npy,Normal
../VAD_dataset/UCF-Crimes/UCF_Crimes/sbert_Caption_Features_janus/Normal_Videos532_x264_captions_janus_pro.npy,Normal
../VAD_dataset/UCF-Crimes/UCF_Crimes/sbert_Caption_Features_janus/Normal_Videos533_x264_captions_janus_pro.npy,Normal
../VAD_dataset/UCF-Crimes/UCF_Crimes/sbert_Caption_Features_janus/Normal_Videos534_x264_captions_janus_pro.npy,Normal
../VAD_dataset/UCF-Crimes/UCF_Crimes/sbert_Caption_Features_janus/Normal_Videos535_x264_captions_janus_pro.npy,Normal
../VAD_dataset/UCF-Crimes/UCF_Crimes/sbert_Caption_Features_janus/Normal_Videos536_x264_captions_janus_pro.npy,Normal
../VAD_dataset/UCF-Crimes/UCF_Crimes/sbert_Caption_Features_janus/Normal_Videos537_x264_captions_janus_pro.npy,Normal
../VAD_dataset/UCF-Crimes/UCF_Crimes/sbert_Caption_Features_janus/Normal_Videos538_x264_captions_janus_pro.npy,Normal
../VAD_dataset/UCF-Crimes/UCF_Crimes/sbert_Caption_Features_janus/Normal_Videos539_x264_captions_janus_pro.npy,Normal
../VAD_dataset/UCF-Crimes/UCF_Crimes/sbert_Caption_Features_janus/Normal_Videos540_x264_captions_janus_pro.npy,Normal
../VAD_dataset/UCF-Crimes/UCF_Crimes/sbert_Caption_Features_janus/Normal_Videos541_x264_captions_janus_pro.npy,Normal
../VAD_dataset/UCF-Crimes/UCF_Crimes/sbert_Caption_Features_janus/Normal_Videos542_x264_captions_janus_pro.npy,Normal
../VAD_dataset/UCF-Crimes/UCF_Crimes/sbert_Caption_Features_janus/Normal_Videos543_x264_captions_janus_pro.npy,Normal
../VAD_dataset/UCF-Crimes/UCF_Crimes/sbert_Caption_Features_janus/Normal_Videos544_x264_captions_janus_pro.npy,Normal
../VAD_dataset/UCF-Crimes/UCF_Crimes/sbert_Caption_Features_janus/Normal_Videos545_x264_captions_janus_pro.npy,Normal
../VAD_dataset/UCF-Crimes/UCF_Crimes/sbert_Caption_Features_janus/Normal_Videos546_x264_captions_janus_pro.npy,Normal
../VAD_dataset/UCF-Crimes/UCF_Crimes/sbert_Caption_Features_janus/Normal_Videos547_x264_captions_janus_pro.npy,Normal
../VAD_dataset/UCF-Crimes/UCF_Crimes/sbert_Caption_Features_janus/Normal_Videos548_x264_captions_janus_pro.npy,Normal
../VAD_dataset/UCF-Crimes/UCF_Crimes/sbert_Caption_Features_janus/Normal_Videos549_x264_captions_janus_pro.npy,Normal
../VAD_dataset/UCF-Crimes/UCF_Crimes/sbert_Caption_Features_janus/Normal_Videos550_x264_captions_janus_pro.npy,Normal
../VAD_dataset/UCF-Crimes/UCF_Crimes/sbert_Caption_Features_janus/Normal_Videos551_x264_captions_janus_pro.npy,Normal
../VAD_dataset/UCF-Crimes/UCF_Crimes/sbert_Caption_Features_janus/Normal_Videos552_x264_captions_janus_pro.npy,Normal
../VAD_dataset/UCF-Crimes/UCF_Crimes/sbert_Caption_Features_janus/Normal_Videos553_x264_captions_janus_pro.npy,Normal
../VAD_dataset/UCF-Crimes/UCF_Crimes/sbert_Caption_Features_janus/Normal_Videos554_x264_captions_janus_pro.npy,Normal
../VAD_dataset/UCF-Crimes/UCF_Crimes/sbert_Caption_Features_janus/Normal_Videos555_x264_captions_janus_pro.npy,Normal
../VAD_dataset/UCF-Crimes/UCF_Crimes/sbert_Caption_Features_janus/Normal_Videos556_x264_captions_janus_pro.npy,Normal
../VAD_dataset/UCF-Crimes/UCF_Crimes/sbert_Caption_Features_janus/Normal_Videos557_x264_captions_janus_pro.npy,Normal
../VAD_dataset/UCF-Crimes/UCF_Crimes/sbert_Caption_Features_janus/Normal_Videos558_x264_captions_janus_pro.npy,Normal
../VAD_dataset/UCF-Crimes/UCF_Crimes/sbert_Caption_Features_janus/Normal_Videos559_x264_captions_janus_pro.npy,Normal
../VAD_dataset/UCF-Crimes/UCF_Crimes/sbert_Caption_Features_janus/Normal_Videos560_x264_captions_janus_pro.npy,Normal
../VAD_dataset/UCF-Crimes/UCF_Crimes/sbert_Caption_Features_janus/Normal_Videos561_x264_captions_janus_pro.npy,Normal
../VAD_dataset/UCF-Crimes/UCF_Crimes/sbert_Caption_Features_janus/Normal_Videos562_x264_captions_janus_pro.npy,Normal
../VAD_dataset/UCF-Crimes/UCF_Crimes/sbert_Caption_Features_janus/Normal_Videos563_x264_captions_janus_pro.npy,Normal
../VAD_dataset/UCF-Crimes/UCF_Crimes/sbert_Caption_Features_janus/Normal_Videos564_x264_captions_janus_pro.npy,Normal
../VAD_dataset/UCF-Crimes/UCF_Crimes/sbert_Caption_Features_janus/Normal_Videos565_x264_captions_janus_pro.npy,Normal
../VAD_dataset/UCF-Crimes/UCF_Crimes/sbert_Caption_Features_janus/Normal_Videos566_x264_captions_janus_pro.npy,Normal
../VAD_dataset/UCF-Crimes/UCF_Crimes/sbert_Caption_Features_janus/Normal_Videos567_x264_captions_janus_pro.npy,Normal
../VAD_dataset/UCF-Crimes/UCF_Crimes/sbert_Caption_Features_janus/Normal_Videos568_x264_captions_janus_pro.npy,Normal
../VAD_dataset/UCF-Crimes/UCF_Crimes/sbert_Caption_Features_janus/Normal_Videos569_x264_captions_janus_pro.npy,Normal
../VAD_dataset/UCF-Crimes/UCF_Crimes/sbert_Caption_Features_janus/Normal_Videos570_x264_captions_janus_pro.npy,Normal
../VAD_dataset/UCF-Crimes/UCF_Crimes/sbert_Caption_Features_janus/Normal_Videos571_x264_captions_janus_pro.npy,Normal
../VAD_dataset/UCF-Crimes/UCF_Crimes/sbert_Caption_Features_janus/Normal_Videos572_x264_captions_janus_pro.npy,Normal
../VAD_dataset/UCF-Crimes/UCF_Crimes/sbert_Caption_Features_janus/Normal_Videos573_x264_captions_janus_pro.npy,Normal
../VAD_dataset/UCF-Crimes/UCF_Crimes/sbert_Caption_Features_janus/Normal_Videos574_x264_captions_janus_pro.npy,Normal
../VAD_dataset/UCF-Crimes/UCF_Crimes/sbert_Caption_Features_janus/Normal_Videos575_x264_captions_janus_pro.npy,Normal
../VAD_dataset/UCF-Crimes/UCF_Crimes/sbert_Caption_Features_janus/Normal_Videos577_x264_captions_janus_pro.npy,Normal
../VAD_dataset/UCF-Crimes/UCF_Crimes/sbert_Caption_Features_janus/Normal_Videos578_x264_captions_janus_pro.npy,Normal
../VAD_dataset/UCF-Crimes/UCF_Crimes/sbert_Caption_Features_janus/Normal_Videos579_x264_captions_janus_pro.npy,Normal
../VAD_dataset/UCF-Crimes/UCF_Crimes/sbert_Caption_Features_janus/Normal_Videos580_x264_captions_janus_pro.npy,Normal
../VAD_dataset/UCF-Crimes/UCF_Crimes/sbert_Caption_Features_janus/Normal_Videos581_x264_captions_janus_pro.npy,Normal
../VAD_dataset/UCF-Crimes/UCF_Crimes/sbert_Caption_Features_janus/Normal_Videos582_x264_captions_janus_pro.npy,Normal
../VAD_dataset/UCF-Crimes/UCF_Crimes/sbert_Caption_Features_janus/Normal_Videos583_x264_captions_janus_pro.npy,Normal
../VAD_dataset/UCF-Crimes/UCF_Crimes/sbert_Caption_Features_janus/Normal_Videos584_x264_captions_janus_pro.npy,Normal
../VAD_dataset/UCF-Crimes/UCF_Crimes/sbert_Caption_Features_janus/Normal_Videos585_x264_captions_janus_pro.npy,Normal
../VAD_dataset/UCF-Crimes/UCF_Crimes/sbert_Caption_Features_janus/Normal_Videos586_x264_captions_janus_pro.npy,Normal
../VAD_dataset/UCF-Crimes/UCF_Crimes/sbert_Caption_Features_janus/Normal_Videos587_x264_captions_janus_pro.npy,Normal
../VAD_dataset/UCF-Crimes/UCF_Crimes/sbert_Caption_Features_janus/Normal_Videos588_x264_captions_janus_pro.npy,Normal
../VAD_dataset/UCF-Crimes/UCF_Crimes/sbert_Caption_Features_janus/Normal_Videos589_x264_captions_janus_pro.npy,Normal
../VAD_dataset/UCF-Crimes/UCF_Crimes/sbert_Caption_Features_janus/Normal_Videos590_x264_captions_janus_pro.npy,Normal
../VAD_dataset/UCF-Crimes/UCF_Crimes/sbert_Caption_Features_janus/Normal_Videos591_x264_captions_janus_pro.npy,Normal
../VAD_dataset/UCF-Crimes/UCF_Crimes/sbert_Caption_Features_janus/Normal_Videos592_x264_captions_janus_pro.npy,Normal
../VAD_dataset/UCF-Crimes/UCF_Crimes/sbert_Caption_Features_janus/Normal_Videos593_x264_captions_janus_pro.npy,Normal
../VAD_dataset/UCF-Crimes/UCF_Crimes/sbert_Caption_Features_janus/Normal_Videos594_x264_captions_janus_pro.npy,Normal
../VAD_dataset/UCF-Crimes/UCF_Crimes/sbert_Caption_Features_janus/Normal_Videos595_x264_captions_janus_pro.npy,Normal
../VAD_dataset/UCF-Crimes/UCF_Crimes/sbert_Caption_Features_janus/Normal_Videos596_x264_captions_janus_pro.npy,Normal
../VAD_dataset/UCF-Crimes/UCF_Crimes/sbert_Caption_Features_janus/Normal_Videos598_x264_captions_janus_pro.npy,Normal
../VAD_dataset/UCF-Crimes/UCF_Crimes/sbert_Caption_Features_janus/Normal_Videos599_x264_captions_janus_pro.npy,Normal
../VAD_dataset/UCF-Crimes/UCF_Crimes/sbert_Caption_Features_janus/Normal_Videos600_x264_captions_janus_pro.npy,Normal
../VAD_dataset/UCF-Crimes/UCF_Crimes/sbert_Caption_Features_janus/Normal_Videos601_x264_captions_janus_pro.npy,Normal
../VAD_dataset/UCF-Crimes/UCF_Crimes/sbert_Caption_Features_janus/Normal_Videos602_x264_captions_janus_pro.npy,Normal
../VAD_dataset/UCF-Crimes/UCF_Crimes/sbert_Caption_Features_janus/Normal_Videos604_x264_captions_janus_pro.npy,Normal
../VAD_dataset/UCF-Crimes/UCF_Crimes/sbert_Caption_Features_janus/Normal_Videos605_x264_captions_janus_pro.npy,Normal
../VAD_dataset/UCF-Crimes/UCF_Crimes/sbert_Caption_Features_janus/Normal_Videos607_x264_captions_janus_pro.npy,Normal
../VAD_dataset/UCF-Crimes/UCF_Crimes/sbert_Caption_Features_janus/Normal_Videos608_x264_captions_janus_pro.npy,Normal
../VAD_dataset/UCF-Crimes/UCF_Crimes/sbert_Caption_Features_janus/Normal_Videos609_x264_captions_janus_pro.npy,Normal
../VAD_dataset/UCF-Crimes/UCF_Crimes/sbert_Caption_Features_janus/Normal_Videos610_x264_captions_janus_pro.npy,Normal
../VAD_dataset/UCF-Crimes/UCF_Crimes/sbert_Caption_Features_janus/Normal_Videos611_x264_captions_janus_pro.npy,Normal
../VAD_dataset/UCF-Crimes/UCF_Crimes/sbert_Caption_Features_janus/Normal_Videos612_x264_captions_janus_pro.npy,Normal
../VAD_dataset/UCF-Crimes/UCF_Crimes/sbert_Caption_Features_janus/Normal_Videos613_x264_captions_janus_pro.npy,Normal
../VAD_dataset/UCF-Crimes/UCF_Crimes/sbert_Caption_Features_janus/Normal_Videos614_x264_captions_janus_pro.npy,Normal
../VAD_dataset/UCF-Crimes/UCF_Crimes/sbert_Caption_Features_janus/Normal_Videos615_x264_captions_janus_pro.npy,Normal
../VAD_dataset/UCF-Crimes/UCF_Crimes/sbert_Caption_Features_janus/Normal_Videos616_x264_captions_janus_pro.npy,Normal
../VAD_dataset/UCF-Crimes/UCF_Crimes/sbert_Caption_Features_janus/Normal_Videos617_x264_captions_janus_pro.npy,Normal
../VAD_dataset/UCF-Crimes/UCF_Crimes/sbert_Caption_Features_janus/Normal_Videos618_x264_captions_janus_pro.npy,Normal
../VAD_dataset/UCF-Crimes/UCF_Crimes/sbert_Caption_Features_janus/Normal_Videos619_x264_captions_janus_pro.npy,Normal
../VAD_dataset/UCF-Crimes/UCF_Crimes/sbert_Caption_Features_janus/Normal_Videos620_x264_captions_janus_pro.npy,Normal
../VAD_dataset/UCF-Crimes/UCF_Crimes/sbert_Caption_Features_janus/Normal_Videos622_x264_captions_janus_pro.npy,Normal
../VAD_dataset/UCF-Crimes/UCF_Crimes/sbert_Caption_Features_janus/Normal_Videos623_x264_captions_janus_pro.npy,Normal
../VAD_dataset/UCF-Crimes/UCF_Crimes/sbert_Caption_Features_janus/Normal_Videos624_x264_captions_janus_pro.npy,Normal
../VAD_dataset/UCF-Crimes/UCF_Crimes/sbert_Caption_Features_janus/Normal_Videos625_x264_captions_janus_pro.npy,Normal
../VAD_dataset/UCF-Crimes/UCF_Crimes/sbert_Caption_Features_janus/Normal_Videos626_x264_captions_janus_pro.npy,Normal
../VAD_dataset/UCF-Crimes/UCF_Crimes/sbert_Caption_Features_janus/Normal_Videos627_x264_captions_janus_pro.npy,Normal
../VAD_dataset/UCF-Crimes/UCF_Crimes/sbert_Caption_Features_janus/Normal_Videos628_x264_captions_janus_pro.npy,Normal
../VAD_dataset/UCF-Crimes/UCF_Crimes/sbert_Caption_Features_janus/Normal_Videos629_x264_captions_janus_pro.npy,Normal
../VAD_dataset/UCF-Crimes/UCF_Crimes/sbert_Caption_Features_janus/Normal_Videos630_x264_captions_janus_pro.npy,Normal
../VAD_dataset/UCF-Crimes/UCF_Crimes/sbert_Caption_Features_janus/Normal_Videos631_x264_captions_janus_pro.npy,Normal
../VAD_dataset/UCF-Crimes/UCF_Crimes/sbert_Caption_Features_janus/Normal_Videos632_x264_captions_janus_pro.npy,Normal
../VAD_dataset/UCF-Crimes/UCF_Crimes/sbert_Caption_Features_janus/Normal_Videos633_x264_captions_janus_pro.npy,Normal
../VAD_dataset/UCF-Crimes/UCF_Crimes/sbert_Caption_Features_janus/Normal_Videos635_x264_captions_janus_pro.npy,Normal
../VAD_dataset/UCF-Crimes/UCF_Crimes/sbert_Caption_Features_janus/Normal_Videos636_x264_captions_janus_pro.npy,Normal
../VAD_dataset/UCF-Crimes/UCF_Crimes/sbert_Caption_Features_janus/Normal_Videos637_x264_captions_janus_pro.npy,Normal
../VAD_dataset/UCF-Crimes/UCF_Crimes/sbert_Caption_Features_janus/Normal_Videos638_x264_captions_janus_pro.npy,Normal
../VAD_dataset/UCF-Crimes/UCF_Crimes/sbert_Caption_Features_janus/Normal_Videos639_x264_captions_janus_pro.npy,Normal
../VAD_dataset/UCF-Crimes/UCF_Crimes/sbert_Caption_Features_janus/Normal_Videos640_x264_captions_janus_pro.npy,Normal
../VAD_dataset/UCF-Crimes/UCF_Crimes/sbert_Caption_Features_janus/Normal_Videos642_x264_captions_janus_pro.npy,Normal
../VAD_dataset/UCF-Crimes/UCF_Crimes/sbert_Caption_Features_janus/Normal_Videos643_x264_captions_janus_pro.npy,Normal
../VAD_dataset/UCF-Crimes/UCF_Crimes/sbert_Caption_Features_janus/Normal_Videos644_x264_captions_janus_pro.npy,Normal
../VAD_dataset/UCF-Crimes/UCF_Crimes/sbert_Caption_Features_janus/Normal_Videos645_x264_captions_janus_pro.npy,Normal
../VAD_dataset/UCF-Crimes/UCF_Crimes/sbert_Caption_Features_janus/Normal_Videos646_x264_captions_janus_pro.npy,Normal
../VAD_dataset/UCF-Crimes/UCF_Crimes/sbert_Caption_Features_janus/Normal_Videos647_x264_captions_janus_pro.npy,Normal
../VAD_dataset/UCF-Crimes/UCF_Crimes/sbert_Caption_Features_janus/Normal_Videos648_x264_captions_janus_pro.npy,Normal
../VAD_dataset/UCF-Crimes/UCF_Crimes/sbert_Caption_Features_janus/Normal_Videos649_x264_captions_janus_pro.npy,Normal
../VAD_dataset/UCF-Crimes/UCF_Crimes/sbert_Caption_Features_janus/Normal_Videos650_x264_captions_janus_pro.npy,Normal
../VAD_dataset/UCF-Crimes/UCF_Crimes/sbert_Caption_Features_janus/Normal_Videos651_x264_captions_janus_pro.npy,Normal
../VAD_dataset/UCF-Crimes/UCF_Crimes/sbert_Caption_Features_janus/Normal_Videos652_x264_captions_janus_pro.npy,Normal
../VAD_dataset/UCF-Crimes/UCF_Crimes/sbert_Caption_Features_janus/Normal_Videos653_x264_captions_janus_pro.npy,Normal
../VAD_dataset/UCF-Crimes/UCF_Crimes/sbert_Caption_Features_janus/Normal_Videos654_x264_captions_janus_pro.npy,Normal
../VAD_dataset/UCF-Crimes/UCF_Crimes/sbert_Caption_Features_janus/Normal_Videos655_x264_captions_janus_pro.npy,Normal
../VAD_dataset/UCF-Crimes/UCF_Crimes/sbert_Caption_Features_janus/Normal_Videos657_x264_captions_janus_pro.npy,Normal
../VAD_dataset/UCF-Crimes/UCF_Crimes/sbert_Caption_Features_janus/Normal_Videos658_x264_captions_janus_pro.npy,Normal
../VAD_dataset/UCF-Crimes/UCF_Crimes/sbert_Caption_Features_janus/Normal_Videos659_x264_captions_janus_pro.npy,Normal
../VAD_dataset/UCF-Crimes/UCF_Crimes/sbert_Caption_Features_janus/Normal_Videos660_x264_captions_janus_pro.npy,Normal
../VAD_dataset/UCF-Crimes/UCF_Crimes/sbert_Caption_Features_janus/Normal_Videos661_x264_captions_janus_pro.npy,Normal
../VAD_dataset/UCF-Crimes/UCF_Crimes/sbert_Caption_Features_janus/Normal_Videos662_x264_captions_janus_pro.npy,Normal
../VAD_dataset/UCF-Crimes/UCF_Crimes/sbert_Caption_Features_janus/Normal_Videos663_x264_captions_janus_pro.npy,Normal
../VAD_dataset/UCF-Crimes/UCF_Crimes/sbert_Caption_Features_janus/Normal_Videos664_x264_captions_janus_pro.npy,Normal
../VAD_dataset/UCF-Crimes/UCF_Crimes/sbert_Caption_Features_janus/Normal_Videos665_x264_captions_janus_pro.npy,Normal
../VAD_dataset/UCF-Crimes/UCF_Crimes/sbert_Caption_Features_janus/Normal_Videos666_x264_captions_janus_pro.npy,Normal
../VAD_dataset/UCF-Crimes/UCF_Crimes/sbert_Caption_Features_janus/Normal_Videos667_x264_captions_janus_pro.npy,Normal
../VAD_dataset/UCF-Crimes/UCF_Crimes/sbert_Caption_Features_janus/Normal_Videos668_x264_captions_janus_pro.npy,Normal
../VAD_dataset/UCF-Crimes/UCF_Crimes/sbert_Caption_Features_janus/Normal_Videos669_x264_captions_janus_pro.npy,Normal
../VAD_dataset/UCF-Crimes/UCF_Crimes/sbert_Caption_Features_janus/Normal_Videos670_x264_captions_janus_pro.npy,Normal
../VAD_dataset/UCF-Crimes/UCF_Crimes/sbert_Caption_Features_janus/Normal_Videos671_x264_captions_janus_pro.npy,Normal
../VAD_dataset/UCF-Crimes/UCF_Crimes/sbert_Caption_Features_janus/Normal_Videos672_x264_captions_janus_pro.npy,Normal
../VAD_dataset/UCF-Crimes/UCF_Crimes/sbert_Caption_Features_janus/Normal_Videos673_x264_captions_janus_pro.npy,Normal
../VAD_dataset/UCF-Crimes/UCF_Crimes/sbert_Caption_Features_janus/Normal_Videos674_x264_captions_janus_pro.npy,Normal
../VAD_dataset/UCF-Crimes/UCF_Crimes/sbert_Caption_Features_janus/Normal_Videos675_x264_captions_janus_pro.npy,Normal
../VAD_dataset/UCF-Crimes/UCF_Crimes/sbert_Caption_Features_janus/Normal_Videos676_x264_captions_janus_pro.npy,Normal
../VAD_dataset/UCF-Crimes/UCF_Crimes/sbert_Caption_Features_janus/Normal_Videos677_x264_captions_janus_pro.npy,Normal
../VAD_dataset/UCF-Crimes/UCF_Crimes/sbert_Caption_Features_janus/Normal_Videos678_x264_captions_janus_pro.npy,Normal
../VAD_dataset/UCF-Crimes/UCF_Crimes/sbert_Caption_Features_janus/Normal_Videos679_x264_captions_janus_pro.npy,Normal
../VAD_dataset/UCF-Crimes/UCF_Crimes/sbert_Caption_Features_janus/Normal_Videos680_x264_captions_janus_pro.npy,Normal
../VAD_dataset/UCF-Crimes/UCF_Crimes/sbert_Caption_Features_janus/Normal_Videos681_x264_captions_janus_pro.npy,Normal
../VAD_dataset/UCF-Crimes/UCF_Crimes/sbert_Caption_Features_janus/Normal_Videos682_x264_captions_janus_pro.npy,Normal
../VAD_dataset/UCF-Crimes/UCF_Crimes/sbert_Caption_Features_janus/Normal_Videos683_x264_captions_janus_pro.npy,Normal
../VAD_dataset/UCF-Crimes/UCF_Crimes/sbert_Caption_Features_janus/Normal_Videos684_x264_captions_janus_pro.npy,Normal
../VAD_dataset/UCF-Crimes/UCF_Crimes/sbert_Caption_Features_janus/Normal_Videos685_x264_captions_janus_pro.npy,Normal
../VAD_dataset/UCF-Crimes/UCF_Crimes/sbert_Caption_Features_janus/Normal_Videos687_x264_captions_janus_pro.npy,Normal
../VAD_dataset/UCF-Crimes/UCF_Crimes/sbert_Caption_Features_janus/Normal_Videos688_x264_captions_janus_pro.npy,Normal
../VAD_dataset/UCF-Crimes/UCF_Crimes/sbert_Caption_Features_janus/Normal_Videos689_x264_captions_janus_pro.npy,Normal
../VAD_dataset/UCF-Crimes/UCF_Crimes/sbert_Caption_Features_janus/Normal_Videos690_x264_captions_janus_pro.npy,Normal
../VAD_dataset/UCF-Crimes/UCF_Crimes/sbert_Caption_Features_janus/Normal_Videos691_x264_captions_janus_pro.npy,Normal
../VAD_dataset/UCF-Crimes/UCF_Crimes/sbert_Caption_Features_janus/Normal_Videos692_x264_captions_janus_pro.npy,Normal
../VAD_dataset/UCF-Crimes/UCF_Crimes/sbert_Caption_Features_janus/Normal_Videos693_x264_captions_janus_pro.npy,Normal
../VAD_dataset/UCF-Crimes/UCF_Crimes/sbert_Caption_Features_janus/Normal_Videos694_x264_captions_janus_pro.npy,Normal
../VAD_dataset/UCF-Crimes/UCF_Crimes/sbert_Caption_Features_janus/Normal_Videos695_x264_captions_janus_pro.npy,Normal
../VAD_dataset/UCF-Crimes/UCF_Crimes/sbert_Caption_Features_janus/Normal_Videos697_x264_captions_janus_pro.npy,Normal
../VAD_dataset/UCF-Crimes/UCF_Crimes/sbert_Caption_Features_janus/Normal_Videos698_x264_captions_janus_pro.npy,Normal
../VAD_dataset/UCF-Crimes/UCF_Crimes/sbert_Caption_Features_janus/Normal_Videos699_x264_captions_janus_pro.npy,Normal
../VAD_dataset/UCF-Crimes/UCF_Crimes/sbert_Caption_Features_janus/Normal_Videos700_x264_captions_janus_pro.npy,Normal
../VAD_dataset/UCF-Crimes/UCF_Crimes/sbert_Caption_Features_janus/Normal_Videos701_x264_captions_janus_pro.npy,Normal
../VAD_dataset/UCF-Crimes/UCF_Crimes/sbert_Caption_Features_janus/Normal_Videos703_x264_captions_janus_pro.npy,Normal
../VAD_dataset/UCF-Crimes/UCF_Crimes/sbert_Caption_Features_janus/Normal_Videos705_x264_captions_janus_pro.npy,Normal
../VAD_dataset/UCF-Crimes/UCF_Crimes/sbert_Caption_Features_janus/Normal_Videos706_x264_captions_janus_pro.npy,Normal
../VAD_dataset/UCF-Crimes/UCF_Crimes/sbert_Caption_Features_janus/Normal_Videos707_x264_captions_janus_pro.npy,Normal
../VAD_dataset/UCF-Crimes/UCF_Crimes/sbert_Caption_Features_janus/Normal_Videos708_x264_captions_janus_pro.npy,Normal
../VAD_dataset/UCF-Crimes/UCF_Crimes/sbert_Caption_Features_janus/Normal_Videos709_x264_captions_janus_pro.npy,Normal
../VAD_dataset/UCF-Crimes/UCF_Crimes/sbert_Caption_Features_janus/Normal_Videos711_x264_captions_janus_pro.npy,Normal
../VAD_dataset/UCF-Crimes/UCF_Crimes/sbert_Caption_Features_janus/Normal_Videos712_x264_captions_janus_pro.npy,Normal
../VAD_dataset/UCF-Crimes/UCF_Crimes/sbert_Caption_Features_janus/Normal_Videos713_x264_captions_janus_pro.npy,Normal
../VAD_dataset/UCF-Crimes/UCF_Crimes/sbert_Caption_Features_janus/Normal_Videos714_x264_captions_janus_pro.npy,Normal
../VAD_dataset/UCF-Crimes/UCF_Crimes/sbert_Caption_Features_janus/Normal_Videos715_x264_captions_janus_pro.npy,Normal
../VAD_dataset/UCF-Crimes/UCF_Crimes/sbert_Caption_Features_janus/Normal_Videos716_x264_captions_janus_pro.npy,Normal
../VAD_dataset/UCF-Crimes/UCF_Crimes/sbert_Caption_Features_janus/Normal_Videos718_x264_captions_janus_pro.npy,Normal
../VAD_dataset/UCF-Crimes/UCF_Crimes/sbert_Caption_Features_janus/Normal_Videos719_x264_captions_janus_pro.npy,Normal
../VAD_dataset/UCF-Crimes/UCF_Crimes/sbert_Caption_Features_janus/Normal_Videos720_x264_captions_janus_pro.npy,Normal
../VAD_dataset/UCF-Crimes/UCF_Crimes/sbert_Caption_Features_janus/Normal_Videos721_x264_captions_janus_pro.npy,Normal
../VAD_dataset/UCF-Crimes/UCF_Crimes/sbert_Caption_Features_janus/Normal_Videos723_x264_captions_janus_pro.npy,Normal
../VAD_dataset/UCF-Crimes/UCF_Crimes/sbert_Caption_Features_janus/Normal_Videos724_x264_captions_janus_pro.npy,Normal
../VAD_dataset/UCF-Crimes/UCF_Crimes/sbert_Caption_Features_janus/Normal_Videos726_x264_captions_janus_pro.npy,Normal
../VAD_dataset/UCF-Crimes/UCF_Crimes/sbert_Caption_Features_janus/Normal_Videos727_x264_captions_janus_pro.npy,Normal
../VAD_dataset/UCF-Crimes/UCF_Crimes/sbert_Caption_Features_janus/Normal_Videos728_x264_captions_janus_pro.npy,Normal
../VAD_dataset/UCF-Crimes/UCF_Crimes/sbert_Caption_Features_janus/Normal_Videos729_x264_captions_janus_pro.npy,Normal
../VAD_dataset/UCF-Crimes/UCF_Crimes/sbert_Caption_Features_janus/Normal_Videos730_x264_captions_janus_pro.npy,Normal
../VAD_dataset/UCF-Crimes/UCF_Crimes/sbert_Caption_Features_janus/Normal_Videos731_x264_captions_janus_pro.npy,Normal
../VAD_dataset/UCF-Crimes/UCF_Crimes/sbert_Caption_Features_janus/Normal_Videos732_x264_captions_janus_pro.npy,Normal
../VAD_dataset/UCF-Crimes/UCF_Crimes/sbert_Caption_Features_janus/Normal_Videos733_x264_captions_janus_pro.npy,Normal
../VAD_dataset/UCF-Crimes/UCF_Crimes/sbert_Caption_Features_janus/Normal_Videos734_x264_captions_janus_pro.npy,Normal
../VAD_dataset/UCF-Crimes/UCF_Crimes/sbert_Caption_Features_janus/Normal_Videos735_x264_captions_janus_pro.npy,Normal
../VAD_dataset/UCF-Crimes/UCF_Crimes/sbert_Caption_Features_janus/Normal_Videos736_x264_captions_janus_pro.npy,Normal
../VAD_dataset/UCF-Crimes/UCF_Crimes/sbert_Caption_Features_janus/Normal_Videos737_x264_captions_janus_pro.npy,Normal
../VAD_dataset/UCF-Crimes/UCF_Crimes/sbert_Caption_Features_janus/Normal_Videos738_x264_captions_janus_pro.npy,Normal
../VAD_dataset/UCF-Crimes/UCF_Crimes/sbert_Caption_Features_janus/Normal_Videos739_x264_captions_janus_pro.npy,Normal
../VAD_dataset/UCF-Crimes/UCF_Crimes/sbert_Caption_Features_janus/Normal_Videos740_x264_captions_janus_pro.npy,Normal
../VAD_dataset/UCF-Crimes/UCF_Crimes/sbert_Caption_Features_janus/Normal_Videos741_x264_captions_janus_pro.npy,Normal
../VAD_dataset/UCF-Crimes/UCF_Crimes/sbert_Caption_Features_janus/Normal_Videos742_x264_captions_janus_pro.npy,Normal
../VAD_dataset/UCF-Crimes/UCF_Crimes/sbert_Caption_Features_janus/Normal_Videos743_x264_captions_janus_pro.npy,Normal
../VAD_dataset/UCF-Crimes/UCF_Crimes/sbert_Caption_Features_janus/Normal_Videos744_x264_captions_janus_pro.npy,Normal
../VAD_dataset/UCF-Crimes/UCF_Crimes/sbert_Caption_Features_janus/Normal_Videos746_x264_captions_janus_pro.npy,Normal
../VAD_dataset/UCF-Crimes/UCF_Crimes/sbert_Caption_Features_janus/Normal_Videos747_x264_captions_janus_pro.npy,Normal
../VAD_dataset/UCF-Crimes/UCF_Crimes/sbert_Caption_Features_janus/Normal_Videos748_x264_captions_janus_pro.npy,Normal
../VAD_dataset/UCF-Crimes/UCF_Crimes/sbert_Caption_Features_janus/Normal_Videos749_x264_captions_janus_pro.npy,Normal
../VAD_dataset/UCF-Crimes/UCF_Crimes/sbert_Caption_Features_janus/Normal_Videos750_x264_captions_janus_pro.npy,Normal
../VAD_dataset/UCF-Crimes/UCF_Crimes/sbert_Caption_Features_janus/Normal_Videos751_x264_captions_janus_pro.npy,Normal
../VAD_dataset/UCF-Crimes/UCF_Crimes/sbert_Caption_Features_janus/Normal_Videos752_x264_captions_janus_pro.npy,Normal
../VAD_dataset/UCF-Crimes/UCF_Crimes/sbert_Caption_Features_janus/Normal_Videos753_x264_captions_janus_pro.npy,Normal
../VAD_dataset/UCF-Crimes/UCF_Crimes/sbert_Caption_Features_janus/Normal_Videos754_x264_captions_janus_pro.npy,Normal
../VAD_dataset/UCF-Crimes/UCF_Crimes/sbert_Caption_Features_janus/Normal_Videos755_x264_captions_janus_pro.npy,Normal
../VAD_dataset/UCF-Crimes/UCF_Crimes/sbert_Caption_Features_janus/Normal_Videos756_x264_captions_janus_pro.npy,Normal
../VAD_dataset/UCF-Crimes/UCF_Crimes/sbert_Caption_Features_janus/Normal_Videos757_x264_captions_janus_pro.npy,Normal
../VAD_dataset/UCF-Crimes/UCF_Crimes/sbert_Caption_Features_janus/Normal_Videos759_x264_captions_janus_pro.npy,Normal
../VAD_dataset/UCF-Crimes/UCF_Crimes/sbert_Caption_Features_janus/Normal_Videos760_x264_captions_janus_pro.npy,Normal
../VAD_dataset/UCF-Crimes/UCF_Crimes/sbert_Caption_Features_janus/Normal_Videos761_x264_captions_janus_pro.npy,Normal
../VAD_dataset/UCF-Crimes/UCF_Crimes/sbert_Caption_Features_janus/Normal_Videos762_x264_captions_janus_pro.npy,Normal
../VAD_dataset/UCF-Crimes/UCF_Crimes/sbert_Caption_Features_janus/Normal_Videos763_x264_captions_janus_pro.npy,Normal
../VAD_dataset/UCF-Crimes/UCF_Crimes/sbert_Caption_Features_janus/Normal_Videos764_x264_captions_janus_pro.npy,Normal
../VAD_dataset/UCF-Crimes/UCF_Crimes/sbert_Caption_Features_janus/Normal_Videos765_x264_captions_janus_pro.npy,Normal
../VAD_dataset/UCF-Crimes/UCF_Crimes/sbert_Caption_Features_janus/Normal_Videos766_x264_captions_janus_pro.npy,Normal
../VAD_dataset/UCF-Crimes/UCF_Crimes/sbert_Caption_Features_janus/Normal_Videos767_x264_captions_janus_pro.npy,Normal
../VAD_dataset/UCF-Crimes/UCF_Crimes/sbert_Caption_Features_janus/Normal_Videos768_x264_captions_janus_pro.npy,Normal
../VAD_dataset/UCF-Crimes/UCF_Crimes/sbert_Caption_Features_janus/Normal_Videos769_x264_captions_janus_pro.npy,Normal
../VAD_dataset/UCF-Crimes/UCF_Crimes/sbert_Caption_Features_janus/Normal_Videos770_x264_captions_janus_pro.npy,Normal
../VAD_dataset/UCF-Crimes/UCF_Crimes/sbert_Caption_Features_janus/Normal_Videos771_x264_captions_janus_pro.npy,Normal
../VAD_dataset/UCF-Crimes/UCF_Crimes/sbert_Caption_Features_janus/Normal_Videos772_x264_captions_janus_pro.npy,Normal
../VAD_dataset/UCF-Crimes/UCF_Crimes/sbert_Caption_Features_janus/Normal_Videos773_x264_captions_janus_pro.npy,Normal
../VAD_dataset/UCF-Crimes/UCF_Crimes/sbert_Caption_Features_janus/Normal_Videos774_x264_captions_janus_pro.npy,Normal
../VAD_dataset/UCF-Crimes/UCF_Crimes/sbert_Caption_Features_janus/Normal_Videos775_x264_captions_janus_pro.npy,Normal
../VAD_dataset/UCF-Crimes/UCF_Crimes/sbert_Caption_Features_janus/Normal_Videos776_x264_captions_janus_pro.npy,Normal
../VAD_dataset/UCF-Crimes/UCF_Crimes/sbert_Caption_Features_janus/Normal_Videos777_x264_captions_janus_pro.npy,Normal
../VAD_dataset/UCF-Crimes/UCF_Crimes/sbert_Caption_Features_janus/Normal_Videos779_x264_captions_janus_pro.npy,Normal
../VAD_dataset/UCF-Crimes/UCF_Crimes/sbert_Caption_Features_janus/Normal_Videos784_x264_captions_janus_pro.npy,Normal
../VAD_dataset/UCF-Crimes/UCF_Crimes/sbert_Caption_Features_janus/Normal_Videos785_x264_captions_janus_pro.npy,Normal
../VAD_dataset/UCF-Crimes/UCF_Crimes/sbert_Caption_Features_janus/Normal_Videos786_x264_captions_janus_pro.npy,Normal
../VAD_dataset/UCF-Crimes/UCF_Crimes/sbert_Caption_Features_janus/Normal_Videos787_x264_captions_janus_pro.npy,Normal
../VAD_dataset/UCF-Crimes/UCF_Crimes/sbert_Caption_Features_janus/Normal_Videos788_x264_captions_janus_pro.npy,Normal
../VAD_dataset/UCF-Crimes/UCF_Crimes/sbert_Caption_Features_janus/Normal_Videos789_x264_captions_janus_pro.npy,Normal
../VAD_dataset/UCF-Crimes/UCF_Crimes/sbert_Caption_Features_janus/Normal_Videos790_x264_captions_janus_pro.npy,Normal
../VAD_dataset/UCF-Crimes/UCF_Crimes/sbert_Caption_Features_janus/Normal_Videos791_x264_captions_janus_pro.npy,Normal
../VAD_dataset/UCF-Crimes/UCF_Crimes/sbert_Caption_Features_janus/Normal_Videos792_x264_captions_janus_pro.npy,Normal
../VAD_dataset/UCF-Crimes/UCF_Crimes/sbert_Caption_Features_janus/Normal_Videos793_x264_captions_janus_pro.npy,Normal
../VAD_dataset/UCF-Crimes/UCF_Crimes/sbert_Caption_Features_janus/Normal_Videos794_x264_captions_janus_pro.npy,Normal
../VAD_dataset/UCF-Crimes/UCF_Crimes/sbert_Caption_Features_janus/Normal_Videos795_x264_captions_janus_pro.npy,Normal
../VAD_dataset/UCF-Crimes/UCF_Crimes/sbert_Caption_Features_janus/Normal_Videos796_x264_captions_janus_pro.npy,Normal
../VAD_dataset/UCF-Crimes/UCF_Crimes/sbert_Caption_Features_janus/Normal_Videos797_x264_captions_janus_pro.npy,Normal
../VAD_dataset/UCF-Crimes/UCF_Crimes/sbert_Caption_Features_janus/Normal_Videos799_x264_captions_janus_pro.npy,Normal
../VAD_dataset/UCF-Crimes/UCF_Crimes/sbert_Caption_Features_janus/Normal_Videos800_x264_captions_janus_pro.npy,Normal
../VAD_dataset/UCF-Crimes/UCF_Crimes/sbert_Caption_Features_janus/Normal_Videos802_x264_captions_janus_pro.npy,Normal
../VAD_dataset/UCF-Crimes/UCF_Crimes/sbert_Caption_Features_janus/Normal_Videos803_x264_captions_janus_pro.npy,Normal
../VAD_dataset/UCF-Crimes/UCF_Crimes/sbert_Caption_Features_janus/Normal_Videos804_x264_captions_janus_pro.npy,Normal
../VAD_dataset/UCF-Crimes/UCF_Crimes/sbert_Caption_Features_janus/Normal_Videos805_x264_captions_janus_pro.npy,Normal
../VAD_dataset/UCF-Crimes/UCF_Crimes/sbert_Caption_Features_janus/Normal_Videos806_x264_captions_janus_pro.npy,Normal
../VAD_dataset/UCF-Crimes/UCF_Crimes/sbert_Caption_Features_janus/Normal_Videos807_x264_captions_janus_pro.npy,Normal
../VAD_dataset/UCF-Crimes/UCF_Crimes/sbert_Caption_Features_janus/Normal_Videos808_x264_captions_janus_pro.npy,Normal
../VAD_dataset/UCF-Crimes/UCF_Crimes/sbert_Caption_Features_janus/Normal_Videos809_x264_captions_janus_pro.npy,Normal
../VAD_dataset/UCF-Crimes/UCF_Crimes/sbert_Caption_Features_janus/Normal_Videos810_x264_captions_janus_pro.npy,Normal
../VAD_dataset/UCF-Crimes/UCF_Crimes/sbert_Caption_Features_janus/Normal_Videos811_x264_captions_janus_pro.npy,Normal
../VAD_dataset/UCF-Crimes/UCF_Crimes/sbert_Caption_Features_janus/Normal_Videos812_x264_captions_janus_pro.npy,Normal
../VAD_dataset/UCF-Crimes/UCF_Crimes/sbert_Caption_Features_janus/Normal_Videos813_x264_captions_janus_pro.npy,Normal
../VAD_dataset/UCF-Crimes/UCF_Crimes/sbert_Caption_Features_janus/Normal_Videos814_x264_captions_janus_pro.npy,Normal
../VAD_dataset/UCF-Crimes/UCF_Crimes/sbert_Caption_Features_janus/Normal_Videos815_x264_captions_janus_pro.npy,Normal
../VAD_dataset/UCF-Crimes/UCF_Crimes/sbert_Caption_Features_janus/Normal_Videos816_x264_captions_janus_pro.npy,Normal
../VAD_dataset/UCF-Crimes/UCF_Crimes/sbert_Caption_Features_janus/Normal_Videos817_x264_captions_janus_pro.npy,Normal
../VAD_dataset/UCF-Crimes/UCF_Crimes/sbert_Caption_Features_janus/Normal_Videos818_x264_captions_janus_pro.npy,Normal
../VAD_dataset/UCF-Crimes/UCF_Crimes/sbert_Caption_Features_janus/Normal_Videos819_x264_captions_janus_pro.npy,Normal
../VAD_dataset/UCF-Crimes/UCF_Crimes/sbert_Caption_Features_janus/Normal_Videos820_x264_captions_janus_pro.npy,Normal
../VAD_dataset/UCF-Crimes/UCF_Crimes/sbert_Caption_Features_janus/Normal_Videos821_x264_captions_janus_pro.npy,Normal
../VAD_dataset/UCF-Crimes/UCF_Crimes/sbert_Caption_Features_janus/Normal_Videos822_x264_captions_janus_pro.npy,Normal
../VAD_dataset/UCF-Crimes/UCF_Crimes/sbert_Caption_Features_janus/Normal_Videos823_x264_captions_janus_pro.npy,Normal
../VAD_dataset/UCF-Crimes/UCF_Crimes/sbert_Caption_Features_janus/Normal_Videos824_x264_captions_janus_pro.npy,Normal
../VAD_dataset/UCF-Crimes/UCF_Crimes/sbert_Caption_Features_janus/Normal_Videos825_x264_captions_janus_pro.npy,Normal
../VAD_dataset/UCF-Crimes/UCF_Crimes/sbert_Caption_Features_janus/Normal_Videos826_x264_captions_janus_pro.npy,Normal
../VAD_dataset/UCF-Crimes/UCF_Crimes/sbert_Caption_Features_janus/Normal_Videos827_x264_captions_janus_pro.npy,Normal
../VAD_dataset/UCF-Crimes/UCF_Crimes/sbert_Caption_Features_janus/Normal_Videos829_x264_captions_janus_pro.npy,Normal
../VAD_dataset/UCF-Crimes/UCF_Crimes/sbert_Caption_Features_janus/Normal_Videos830_x264_captions_janus_pro.npy,Normal
../VAD_dataset/UCF-Crimes/UCF_Crimes/sbert_Caption_Features_janus/Normal_Videos832_x264_captions_janus_pro.npy,Normal
../VAD_dataset/UCF-Crimes/UCF_Crimes/sbert_Caption_Features_janus/Normal_Videos833_x264_captions_janus_pro.npy,Normal
../VAD_dataset/UCF-Crimes/UCF_Crimes/sbert_Caption_Features_janus/Normal_Videos834_x264_captions_janus_pro.npy,Normal
../VAD_dataset/UCF-Crimes/UCF_Crimes/sbert_Caption_Features_janus/Normal_Videos835_x264_captions_janus_pro.npy,Normal
../VAD_dataset/UCF-Crimes/UCF_Crimes/sbert_Caption_Features_janus/Normal_Videos836_x264_captions_janus_pro.npy,Normal
../VAD_dataset/UCF-Crimes/UCF_Crimes/sbert_Caption_Features_janus/Normal_Videos837_x264_captions_janus_pro.npy,Normal
../VAD_dataset/UCF-Crimes/UCF_Crimes/sbert_Caption_Features_janus/Normal_Videos838_x264_captions_janus_pro.npy,Normal
../VAD_dataset/UCF-Crimes/UCF_Crimes/sbert_Caption_Features_janus/Normal_Videos839_x264_captions_janus_pro.npy,Normal
../VAD_dataset/UCF-Crimes/UCF_Crimes/sbert_Caption_Features_janus/Normal_Videos840_x264_captions_janus_pro.npy,Normal
../VAD_dataset/UCF-Crimes/UCF_Crimes/sbert_Caption_Features_janus/Normal_Videos841_x264_captions_janus_pro.npy,Normal
../VAD_dataset/UCF-Crimes/UCF_Crimes/sbert_Caption_Features_janus/Normal_Videos842_x264_captions_janus_pro.npy,Normal
../VAD_dataset/UCF-Crimes/UCF_Crimes/sbert_Caption_Features_janus/Normal_Videos843_x264_captions_janus_pro.npy,Normal
../VAD_dataset/UCF-Crimes/UCF_Crimes/sbert_Caption_Features_janus/Normal_Videos844_x264_captions_janus_pro.npy,Normal
../VAD_dataset/UCF-Crimes/UCF_Crimes/sbert_Caption_Features_janus/Normal_Videos845_x264_captions_janus_pro.npy,Normal
../VAD_dataset/UCF-Crimes/UCF_Crimes/sbert_Caption_Features_janus/Normal_Videos846_x264_captions_janus_pro.npy,Normal
../VAD_dataset/UCF-Crimes/UCF_Crimes/sbert_Caption_Features_janus/Normal_Videos847_x264_captions_janus_pro.npy,Normal
../VAD_dataset/UCF-Crimes/UCF_Crimes/sbert_Caption_Features_janus/Normal_Videos848_x264_captions_janus_pro.npy,Normal
../VAD_dataset/UCF-Crimes/UCF_Crimes/sbert_Caption_Features_janus/Normal_Videos849_x264_captions_janus_pro.npy,Normal
../VAD_dataset/UCF-Crimes/UCF_Crimes/sbert_Caption_Features_janus/Normal_Videos850_x264_captions_janus_pro.npy,Normal
../VAD_dataset/UCF-Crimes/UCF_Crimes/sbert_Caption_Features_janus/Normal_Videos851_x264_captions_janus_pro.npy,Normal
../VAD_dataset/UCF-Crimes/UCF_Crimes/sbert_Caption_Features_janus/Normal_Videos852_x264_captions_janus_pro.npy,Normal
../VAD_dataset/UCF-Crimes/UCF_Crimes/sbert_Caption_Features_janus/Normal_Videos853_x264_captions_janus_pro.npy,Normal
../VAD_dataset/UCF-Crimes/UCF_Crimes/sbert_Caption_Features_janus/Normal_Videos854_x264_captions_janus_pro.npy,Normal
../VAD_dataset/UCF-Crimes/UCF_Crimes/sbert_Caption_Features_janus/Normal_Videos855_x264_captions_janus_pro.npy,Normal
../VAD_dataset/UCF-Crimes/UCF_Crimes/sbert_Caption_Features_janus/Normal_Videos856_x264_captions_janus_pro.npy,Normal
../VAD_dataset/UCF-Crimes/UCF_Crimes/sbert_Caption_Features_janus/Normal_Videos857_x264_captions_janus_pro.npy,Normal
../VAD_dataset/UCF-Crimes/UCF_Crimes/sbert_Caption_Features_janus/Normal_Videos858_x264_captions_janus_pro.npy,Normal
../VAD_dataset/UCF-Crimes/UCF_Crimes/sbert_Caption_Features_janus/Normal_Videos859_x264_captions_janus_pro.npy,Normal
../VAD_dataset/UCF-Crimes/UCF_Crimes/sbert_Caption_Features_janus/Normal_Videos860_x264_captions_janus_pro.npy,Normal
../VAD_dataset/UCF-Crimes/UCF_Crimes/sbert_Caption_Features_janus/Normal_Videos861_x264_captions_janus_pro.npy,Normal
../VAD_dataset/UCF-Crimes/UCF_Crimes/sbert_Caption_Features_janus/Normal_Videos862_x264_captions_janus_pro.npy,Normal
../VAD_dataset/UCF-Crimes/UCF_Crimes/sbert_Caption_Features_janus/Normal_Videos863_x264_captions_janus_pro.npy,Normal
../VAD_dataset/UCF-Crimes/UCF_Crimes/sbert_Caption_Features_janus/Normal_Videos864_x264_captions_janus_pro.npy,Normal
../VAD_dataset/UCF-Crimes/UCF_Crimes/sbert_Caption_Features_janus/Normal_Videos865_x264_captions_janus_pro.npy,Normal
../VAD_dataset/UCF-Crimes/UCF_Crimes/sbert_Caption_Features_janus/Normal_Videos916_x264_captions_janus_pro.npy,Normal
../VAD_dataset/UCF-Crimes/UCF_Crimes/sbert_Caption_Features_janus/Normal_Videos917_x264_captions_janus_pro.npy,Normal
../VAD_dataset/UCF-Crimes/UCF_Crimes/sbert_Caption_Features_janus/Normal_Videos918_x264_captions_janus_pro.npy,Normal
../VAD_dataset/UCF-Crimes/UCF_Crimes/sbert_Caption_Features_janus/Normal_Videos919_x264_captions_janus_pro.npy,Normal
../VAD_dataset/UCF-Crimes/UCF_Crimes/sbert_Caption_Features_janus/Normal_Videos920_x264_captions_janus_pro.npy,Normal
../VAD_dataset/UCF-Crimes/UCF_Crimes/sbert_Caption_Features_janus/Normal_Videos921_x264_captions_janus_pro.npy,Normal
../VAD_dataset/UCF-Crimes/UCF_Crimes/sbert_Caption_Features_janus/Normal_Videos922_x264_captions_janus_pro.npy,Normal
../VAD_dataset/UCF-Crimes/UCF_Crimes/sbert_Caption_Features_janus/Normal_Videos942_x264_captions_janus_pro.npy,Normal
../VAD_dataset/UCF-Crimes/UCF_Crimes/sbert_Caption_Features_janus/Normal_Videos945_x264_captions_janus_pro.npy,Normal
../VAD_dataset/UCF-Crimes/UCF_Crimes/sbert_Caption_Features_janus/Normal_Videos946_x264_captions_janus_pro.npy,Normal
../VAD_dataset/UCF-Crimes/UCF_Crimes/sbert_Caption_Features_janus/Normal_Videos947_x264_captions_janus_pro.npy,Normal
../VAD_dataset/UCF-Crimes/UCF_Crimes/sbert_Caption_Features_janus/Normal_Videos948_x264_captions_janus_pro.npy,Normal
../VAD_dataset/UCF-Crimes/UCF_Crimes/sbert_Caption_Features_janus/Normal_Videos949_x264_captions_janus_pro.npy,Normal
../VAD_dataset/UCF-Crimes/UCF_Crimes/sbert_Caption_Features_janus/Normal_Videos950_x264_captions_janus_pro.npy,Normal